t_usec,elapsed_sec,frame_ms,fps,process_ms,physics_ms,enemies,projectiles,physics_objects,nodes,chunks,flow_building,sim_full,sim_mid,sim_far,sim_protected,sim_physics_enabled,sim_pressure,sim_spatial_demotions,tier_changes_total,tier_reversals_total,world_materialized,world_data_only
1123262630,234.872202,48.6111111111111,20.0,34.773,12.489,88,19,76,4341,24,false,35,40,10,11,75,1,0,945,412,88,70
1123317279,234.926851,49.0296666666667,20.0,34.773,12.489,88,19,80,4345,24,false,35,40,10,11,75,1,0,945,412,88,70
1123370167,234.979739,50.0,20.0,34.773,12.489,88,19,80,4343,24,false,35,40,10,11,75,1,0,945,412,88,70
1123426658,235.03623,50.0,20.0,34.773,12.489,94,22,77,4310,24,true,47,46,2,15,93,0,2,965,422,94,72
1123477361,235.086933,52.8596666666667,20.0,34.773,12.489,94,22,68,4255,24,true,47,46,2,15,93,0,2,965,422,94,72
1123522555,235.132127,50.0,20.0,34.773,12.489,94,22,67,4252,24,true,47,46,2,15,93,0,2,965,422,94,72
1123567986,235.177558,50.0,20.0,34.773,12.489,94,22,67,4251,24,true,47,46,2,15,93,0,2,965,422,94,72
1123614432,235.224004,49.4213333333333,20.0,34.773,12.489,94,22,67,4250,24,true,47,46,2,15,93,0,2,965,422,94,72
1123666360,235.275932,49.024,20.0,34.773,12.489,94,22,68,4305,24,true,47,46,2,15,93,0,2,965,422,94,72
1123723168,235.33274,53.7416666666667,20.0,34.773,12.489,94,22,64,4355,24,true,47,46,2,15,93,0,2,965,422,94,72
1123778245,235.387817,50.0,20.0,34.773,12.489,94,22,64,4425,24,true,47,46,2,15,93,0,2,965,422,94,72
1123829917,235.439489,50.662,20.0,34.773,12.489,94,22,62,4413,24,true,47,46,2,15,93,0,2,965,422,94,72
1123877201,235.486773,50.0,20.0,34.773,12.489,94,22,62,4408,24,true,47,46,2,15,93,0,2,965,422,94,72
1123930698,235.54027,50.0,20.0,34.773,12.489,78,19,61,4341,28,true,34,43,2,4,77,0,3,968,424,78,70
1123974240,235.583812,50.0,20.0,34.773,12.489,78,19,60,4333,28,true,34,43,2,4,77,0,3,968,424,78,70
1124023023,235.632595,50.0,20.0,34.773,12.489,78,19,60,4323,28,true,34,43,2,4,77,0,3,968,424,78,70
1124063791,235.673363,48.9973333333333,20.0,40.284,11.461,78,19,60,4315,28,true,34,43,2,4,77,0,3,968,424,78,70
1124109788,235.71936,48.6111111111111,20.0,40.284,11.461,78,19,60,4314,28,true,34,43,2,4,77,0,3,968,424,78,70
1124155091,235.764663,48.6111111111111,20.0,40.284,11.461,78,19,60,4313,28,true,34,43,2,4,77,0,3,968,424,78,70
1124197971,235.807543,37.4947777777321,20.0,40.284,11.461,78,19,59,4317,28,true,34,43,2,4,77,0,3,968,424,78,70
1124241866,235.851438,50.0,20.0,40.284,11.461,78,19,59,4318,28,true,34,43,2,4,77,0,3,968,424,78,70
1124283589,235.893161,44.4444444444444,20.0,40.284,11.461,78,19,66,4315,28,true,34,43,2,4,77,0,3,968,424,78,70
1124332686,235.942258,42.3788888889346,20.0,40.284,11.461,78,19,66,4385,28,true,34,43,2,4,77,0,3,968,424,78,70
1124382210,235.991782,46.5099999999543,20.0,40.284,11.461,78,19,66,4382,28,true,34,43,2,4,77,0,3,968,424,78,70
1124433244,236.042816,44.4444444444444,20.0,40.284,11.461,78,17,60,4389,28,true,31,43,2,3,74,0,8,968,424,78,69
1124478384,236.087956,44.4444444444444,20.0,40.284,11.461,78,17,61,4356,28,true,31,43,2,3,74,0,8,968,424,78,69
1124525953,236.135525,44.4444444444445,20.0,40.284,11.461,78,17,58,4345,28,true,31,43,2,3,74,0,8,968,424,78,69
1124570605,236.180177,49.3180000000457,20.0,40.284,11.461,78,17,62,4352,28,true,31,43,2,3,74,0,8,968,424,78,69
1124616031,236.225603,44.4444444444444,20.0,40.284,11.461,78,17,62,4350,28,true,31,43,2,3,74,0,8,968,424,78,69
1124660317,236.269889,44.4444444444444,20.0,40.284,11.461,78,17,62,4350,28,true,31,43,2,3,74,0,8,968,424,78,69
1124715820,236.325392,46.7081111111111,20.0,40.284,11.461,78,17,63,4356,28,true,31,43,2,3,74,0,8,968,424,78,69
1124757570,236.367142,47.851,20.0,40.284,11.461,78,17,67,4356,28,true,31,43,2,3,74,0,8,968,424,78,69
1124799835,236.409407,45.0,20.0,40.284,11.461,78,17,67,4357,28,true,31,43,2,3,74,0,8,968,424,78,69
1124851061,236.460633,45.619,20.0,40.284,11.461,78,17,68,4366,28,true,31,43,2,3,74,0,8,968,424,78,69
1124894719,236.504291,45.4545454545454,20.0,40.284,11.461,78,17,68,4367,28,true,31,43,2,3,74,0,8,968,424,78,69
1124926615,236.536187,48.0624545454545,20.0,40.284,11.461,82,19,68,4388,28,false,33,44,1,4,77,0,5,969,424,82,70
1124933932,236.543504,16.6063333333333,20.0,40.284,11.461,82,19,68,4388,28,false,33,44,1,4,77,0,5,969,424,82,70
1124946225,236.555797,16.491666666621,20.0,40.284,11.461,82,19,68,4388,28,false,33,44,1,4,77,0,5,969,424,82,70
1124953254,236.562826,2.88233333337899,20.0,40.284,11.461,82,19,68,4388,28,false,33,44,1,4,77,0,5,969,424,82,70
1124966314,236.575886,13.7843333332877,20.0,40.284,11.461,82,19,68,4388,28,false,33,44,1,4,77,0,5,969,424,82,70
1124982499,236.592071,16.6666666666667,20.0,40.284,11.461,82,19,68,4388,28,false,33,44,1,4,77,0,5,969,424,82,70
1124999138,236.60871,16.6666666666667,20.0,40.284,11.461,82,19,68,4388,28,false,33,44,1,4,77,0,5,969,424,82,70
1125015960,236.625532,16.6666666666667,20.0,40.284,11.461,82,19,68,4388,28,false,33,44,1,4,77,0,5,969,424,82,70
1125032805,236.642377,16.6666666666667,27.0,32.641,12.351,82,19,68,4388,28,false,33,44,1,4,77,0,5,969,424,82,70
1125049133,236.658705,16.6666666666667,27.0,32.641,12.351,82,19,68,4388,28,false,33,44,1,4,77,0,5,969,424,82,70
1125066713,236.676285,16.6666666666667,27.0,32.641,12.351,82,19,68,4388,28,false,33,44,1,4,77,0,5,969,424,82,70
1125085853,236.695425,16.6666666666667,27.0,32.641,12.351,82,19,68,4388,28,false,33,44,1,4,77,0,5,969,424,82,70
1125101632,236.711204,16.6666666666667,27.0,32.641,12.351,82,19,68,4388,28,false,33,44,1,4,77,0,5,969,424,82,70
1125115853,236.725425,16.6666666666667,27.0,32.641,12.351,82,19,68,4388,28,false,33,44,1,4,77,0,5,969,424,82,70
1125132726,236.742298,16.6666666666667,27.0,32.641,12.351,82,19,68,4388,28,false,33,44,1,4,77,0,5,969,424,82,70
1125149242,236.758814,15.5500000000457,27.0,32.641,12.351,82,19,68,4388,28,false,33,44,1,4,77,0,5,969,424,82,70
1125166188,236.77576,16.6666666666667,27.0,32.641,12.351,82,19,68,4388,28,false,33,44,1,4,77,0,5,969,424,82,70
1125182325,236.791897,16.3423333333333,27.0,32.641,12.351,82,19,68,4388,28,false,33,44,1,4,77,0,5,969,424,82,70
1125199305,236.808877,16.6666666666667,27.0,32.641,12.351,82,19,68,4388,28,false,33,44,1,4,77,0,5,969,424,82,70
1125215880,236.825452,16.6666666666667,27.0,32.641,12.351,82,19,68,4388,28,false,33,44,1,4,77,0,5,969,424,82,70
1125232244,236.841816,16.4756666666667,27.0,32.641,12.351,82,19,68,4388,28,false,33,44,1,4,77,0,5,969,424,82,70
1125249364,236.858936,16.6666666666667,27.0,32.641,12.351,82,19,68,4388,28,false,33,44,1,4,77,0,5,969,424,82,70
1125266072,236.875644,16.6666666666667,27.0,32.641,12.351,82,19,68,4388,28,false,33,44,1,4,77,0,5,969,424,82,70
1125283573,236.893145,16.6666666666667,27.0,32.641,12.351,82,19,68,4388,28,false,33,44,1,4,77,0,5,969,424,82,70
1125299495,236.909067,16.6666666666667,27.0,32.641,12.351,82,19,68,4388,28,false,33,44,1,4,77,0,5,969,424,82,70
1125315783,236.925355,16.6666666666667,27.0,32.641,12.351,82,19,68,4388,28,false,33,44,1,4,77,0,5,969,424,82,70
1125332516,236.942088,16.6666666666667,27.0,32.641,12.351,82,19,68,4388,28,false,33,44,1,4,77,0,5,969,424,82,70
1125349217,236.958789,16.6666666666667,27.0,32.641,12.351,82,19,68,4388,28,false,33,44,1,4,77,0,5,969,424,82,70
1125366086,236.975658,16.6666666666667,27.0,32.641,12.351,82,19,68,4388,28,false,33,44,1,4,77,0,5,969,424,82,70
1125382332,236.991904,16.6666666666667,27.0,32.641,12.351,82,19,68,4388,28,false,33,44,1,4,77,0,5,969,424,82,70
1125398925,237.008497,16.6666666666667,27.0,32.641,12.351,82,19,68,4388,28,false,33,44,1,4,77,0,5,969,424,82,70
1125416075,237.025647,16.6666666666667,27.0,32.641,12.351,82,19,68,4388,28,false,33,44,1,4,77,0,5,969,424,82,70
1125432958,237.04253,16.6666666666667,27.0,32.641,12.351,82,19,68,4388,28,false,33,44,1,4,77,0,5,969,424,82,70
1125449213,237.058785,16.6666666666667,27.0,32.641,12.351,82,19,68,4388,28,false,33,44,1,4,77,0,5,969,424,82,70
1125465627,237.075199,16.6666666666667,27.0,32.641,12.351,82,19,68,4388,28,false,33,44,1,4,77,0,5,969,424,82,70
1125483519,237.093091,16.6666666666667,27.0,32.641,12.351,82,19,68,4388,28,false,33,44,1,4,77,0,5,969,424,82,70
1125500738,237.11031,16.6666666666667,27.0,32.641,12.351,82,19,68,4388,28,false,33,44,1,4,77,0,5,969,424,82,70
1125516169,237.125741,16.6666666666667,27.0,32.641,12.351,82,19,68,4388,28,false,33,44,1,4,77,0,5,969,424,82,70
1125534251,237.143823,16.6666666666667,27.0,32.641,12.351,82,19,68,4388,28,false,33,44,1,4,77,0,5,969,424,82,70
1125549347,237.158919,16.6666666666667,27.0,32.641,12.351,82,19,68,4388,28,false,33,44,1,4,77,0,5,969,424,82,70
1125566102,237.175674,16.6666666666667,27.0,32.641,12.351,82,19,68,4388,28,false,33,44,1,4,77,0,5,969,424,82,70
1125582863,237.192435,16.6666666666667,27.0,32.641,12.351,82,19,68,4388,28,false,33,44,1,4,77,0,5,969,424,82,70
1125598961,237.208533,16.6666666666667,27.0,32.641,12.351,82,19,68,4388,28,false,33,44,1,4,77,0,5,969,424,82,70
1125615607,237.225179,16.6666666666667,27.0,32.641,12.351,82,19,68,4388,28,false,33,44,1,4,77,0,5,969,424,82,70
1125633444,237.243016,16.6666666666667,27.0,32.641,12.351,82,19,68,4388,28,false,33,44,1,4,77,0,5,969,424,82,70
1125649952,237.259524,16.6666666666667,27.0,32.641,12.351,82,19,68,4388,28,false,33,44,1,4,77,0,5,969,424,82,70
1125665626,237.275198,16.6666666666667,27.0,32.641,12.351,82,19,68,4388,28,false,33,44,1,4,77,0,5,969,424,82,70
1125682336,237.291908,16.6666666666667,27.0,32.641,12.351,82,19,68,4388,28,false,33,44,1,4,77,0,5,969,424,82,70
1125699052,237.308624,16.6666666666667,27.0,32.641,12.351,82,19,68,4388,28,false,33,44,1,4,77,0,5,969,424,82,70
1125715527,237.325099,16.6666666666667,27.0,32.641,12.351,82,19,68,4388,28,false,33,44,1,4,77,0,5,969,424,82,70
1125731870,237.341442,16.4166666666667,27.0,32.641,12.351,82,19,68,4388,28,false,33,44,1,4,77,0,5,969,424,82,70
1125748884,237.358456,16.6666666666667,27.0,32.641,12.351,82,19,68,4388,28,false,33,44,1,4,77,0,5,969,424,82,70
1125765343,237.374915,16.6666666666667,27.0,32.641,12.351,82,19,68,4388,28,false,33,44,1,4,77,0,5,969,424,82,70
1125782721,237.392293,16.6666666666667,27.0,32.641,12.351,82,19,68,4388,28,false,33,44,1,4,77,0,5,969,424,82,70
1125798827,237.408399,16.6666666666667,27.0,32.641,12.351,82,19,68,4388,28,false,33,44,1,4,77,0,5,969,424,82,70
1125815476,237.425048,16.6666666666667,27.0,32.641,12.351,82,19,68,4388,28,false,33,44,1,4,77,0,5,969,424,82,70
1125832293,237.441865,16.6666666666667,27.0,32.641,12.351,82,19,68,4388,28,false,33,44,1,4,77,0,5,969,424,82,70
1125849128,237.4587,16.6666666666667,27.0,32.641,12.351,82,19,68,4388,28,false,33,44,1,4,77,0,5,969,424,82,70
1125865933,237.475505,16.6666666666667,27.0,32.641,12.351,82,19,68,4388,28,false,33,44,1,4,77,0,5,969,424,82,70
1125882624,237.492196,16.6666666666667,27.0,32.641,12.351,82,19,68,4388,28,false,33,44,1,4,77,0,5,969,424,82,70
1125898992,237.508564,16.6666666666667,27.0,32.641,12.351,82,19,68,4388,28,false,33,44,1,4,77,0,5,969,424,82,70
1125916039,237.525611,16.6666666666667,27.0,32.641,12.351,82,19,68,4388,28,false,33,44,1,4,77,0,5,969,424,82,70
1125932643,237.542215,16.6666666666667,27.0,32.641,12.351,82,19,68,4388,28,false,33,44,1,4,77,0,5,969,424,82,70
1125950025,237.559597,16.6666666666667,27.0,32.641,12.351,82,19,68,4388,28,false,33,44,1,4,77,0,5,969,424,82,70
1125965885,237.575457,16.6666666666667,27.0,32.641,12.351,82,19,68,4388,28,false,33,44,1,4,77,0,5,969,424,82,70
1125983341,237.592913,16.6666666666667,27.0,32.641,12.351,82,19,68,4388,28,false,33,44,1,4,77,0,5,969,424,82,70
1126004549,237.614121,16.6666666666667,27.0,32.641,12.351,82,19,68,4388,28,false,33,44,1,4,77,0,5,969,424,82,70
1126018519,237.628091,16.6666666666667,59.0,20.492,1.783,82,19,68,4388,28,false,33,44,1,4,77,0,5,969,424,82,70
1126044782,237.654354,16.6666666666667,59.0,20.492,1.783,82,19,66,4377,28,false,33,44,1,4,77,0,5,969,424,82,70
1126114822,237.724394,50.813,59.0,20.492,1.783,82,19,66,4377,28,false,33,44,1,4,77,0,5,969,424,82,70
1126168099,237.777671,59.788,59.0,20.492,1.783,82,19,65,4375,28,false,33,44,1,4,77,0,5,969,424,82,70
1126226072,237.835644,57.947666666621,59.0,20.492,1.783,82,19,70,4312,28,false,33,44,1,4,77,0,5,969,424,82,70
1126284770,237.894342,56.6490000000457,59.0,20.492,1.783,82,19,70,4311,28,false,33,44,1,4,77,0,5,969,424,82,70
1126335783,237.945355,53.3333333333333,59.0,20.492,1.783,82,19,70,4311,28,false,33,44,1,4,77,0,5,969,424,82,70
1126386155,237.995727,52.7777777777778,59.0,20.492,1.783,82,19,70,4378,28,false,33,44,1,4,77,0,5,969,424,82,70
1126434313,238.043885,51.9412222222222,59.0,20.492,1.783,82,19,71,4372,28,false,33,44,1,4,77,0,5,969,424,82,70
1126481921,238.091493,50.0,59.0,20.492,1.783,82,18,70,4370,28,false,36,45,1,4,81,0,0,970,424,82,68
1126536464,238.146036,50.0,59.0,20.492,1.783,82,18,70,4362,28,false,36,45,1,4,81,0,0,970,424,82,68
1126582038,238.19161,50.256,59.0,20.492,1.783,82,18,69,4361,28,false,36,45,1,4,81,0,0,970,424,82,68
1126634604,238.244176,50.0,59.0,20.492,1.783,82,18,68,4354,28,false,36,45,1,4,81,0,0,970,424,82,68
1126683804,238.293376,50.0,59.0,20.492,1.783,82,18,67,4354,28,false,36,45,1,4,81,0,0,970,424,82,68
1126737087,238.346659,51.3888888888889,59.0,20.492,1.783,82,18,67,4358,28,false,36,45,1,4,81,0,0,970,424,82,68
1126793226,238.402798,51.0711111111111,59.0,20.492,1.783,82,18,63,4353,28,false,36,45,1,4,81,0,0,970,424,82,68
1126847568,238.45714,51.3888888888889,59.0,20.492,1.783,82,18,61,4341,28,false,36,45,1,4,81,0,0,970,424,82,68
1126902149,238.511721,53.1387777777778,59.0,20.492,1.783,82,18,60,4403,28,false,36,45,1,4,81,0,0,970,424,82,68
1126951229,238.560801,53.995,59.0,20.492,1.783,82,18,59,4398,28,false,36,45,1,4,81,0,0,970,424,82,68
1127012112,238.621684,51.3888888888889,59.0,20.492,1.783,77,23,62,4392,28,false,35,42,1,4,77,0,1,973,424,77,66
1127075028,238.6846,59.3901111111111,59.0,20.492,1.783,77,23,59,4377,28,false,35,42,1,4,77,0,1,973,424,77,66
1127122280,238.731852,55.377,21.0,38.574,13.507,77,23,60,4357,28,false,35,42,1,4,77,0,1,973,424,77,66
1127172832,238.782404,52.7777777777778,21.0,38.574,13.507,77,23,57,4344,28,false,35,42,1,4,77,0,1,973,424,77,66
1127218328,238.8279,52.7777777777778,21.0,38.574,13.507,77,23,58,4336,28,false,35,42,1,4,77,0,1,973,424,77,66
1127266269,238.875841,52.3484444443988,21.0,38.574,13.507,77,23,56,4332,28,false,35,42,1,4,77,0,1,973,424,77,66
1127309626,238.919198,50.0,21.0,38.574,13.507,77,23,56,4331,28,false,35,42,1,4,77,0,1,973,424,77,66
1127364353,238.973925,51.5506666667123,21.0,38.574,13.507,77,23,61,4330,28,false,35,42,1,4,77,0,1,973,424,77,66
1127414345,239.023917,50.843,21.0,38.574,13.507,77,23,64,4330,28,false,35,42,1,4,77,0,1,973,424,77,66
1127463411,239.072983,52.301,21.0,38.574,13.507,77,23,65,4327,28,false,35,42,1,4,77,0,1,973,424,77,66
1127515059,239.124631,48.678,21.0,38.574,13.507,71,20,64,4326,28,true,33,37,1,4,70,0,9,978,424,71,65
1127575634,239.185206,52.7777777777778,21.0,38.574,13.507,71,20,64,4387,28,true,33,37,1,4,70,0,9,978,424,71,65
1127629400,239.238972,52.7777777777778,21.0,38.574,13.507,71,20,63,4350,28,true,33,37,1,4,70,0,9,978,424,71,65
1127686238,239.29581,57.7384444443988,21.0,38.574,13.507,71,20,52,4339,28,true,33,37,1,4,70,0,9,978,424,71,65
1127732484,239.342056,52.7777777777778,21.0,38.574,13.507,71,20,48,4319,28,true,33,37,1,4,70,0,9,978,424,71,65
1127780449,239.390021,52.7777777777778,21.0,38.574,13.507,71,20,49,4318,28,true,33,37,1,4,70,0,9,978,424,71,65
1127818253,239.427825,41.5984444444901,21.0,38.574,13.507,71,20,57,4313,28,true,33,37,1,4,70,0,9,978,424,71,65
1127859366,239.468938,37.361,21.0,38.574,13.507,71,20,58,4304,28,true,33,37,1,4,70,0,9,978,424,71,65
1127906282,239.515854,43.3333333333333,21.0,38.574,13.507,71,20,55,4310,28,true,33,37,1,4,70,0,9,978,424,71,65
1127949603,239.559175,44.4444444444444,21.0,38.574,13.507,71,20,55,4313,28,true,33,37,1,4,70,0,9,978,424,71,65
1128001924,239.611496,44.4444444444444,21.0,38.574,13.507,71,20,54,4316,28,true,33,37,1,4,70,0,9,978,424,71,65
1128044367,239.653939,44.4444444444444,21.0,38.574,13.507,65,20,51,4312,28,false,35,30,0,4,65,0,9,989,424,65,68
1128097862,239.707434,44.4444444444444,20.0,36.469,12.464,65,20,52,4377,28,false,35,30,0,4,65,0,9,989,424,65,68
1128154841,239.764413,46.3062222222222,20.0,36.469,12.464,65,20,52,4350,28,false,35,30,0,4,65,0,9,989,424,65,68
1128202012,239.811584,56.15,20.0,36.469,12.464,65,20,51,4353,28,false,35,30,0,4,65,0,9,989,424,65,68
1128257940,239.867512,48.903,20.0,36.469,12.464,65,20,51,4353,28,false,35,30,0,4,65,0,9,989,424,65,68
1128305205,239.914777,55.102,20.0,36.469,12.464,65,20,52,4306,28,false,35,30,0,4,65,0,9,989,424,65,68
1128356191,239.965763,50.307,20.0,36.469,12.464,65,20,55,4305,28,false,35,30,0,4,65,0,9,989,424,65,68
1128428235,240.037807,57.202,20.0,36.469,12.464,65,20,54,4303,28,false,35,30,0,4,65,0,9,989,424,65,68
1128475138,240.08471,59.0,20.0,36.469,12.464,65,20,55,4302,28,false,35,30,0,4,65,0,9,989,424,65,68
1128538423,240.147995,55.801,20.0,36.469,12.464,65,20,61,4318,28,false,35,30,0,4,65,0,9,989,424,65,68
1128583562,240.193134,56.52,20.0,36.469,12.464,67,20,61,4316,28,false,34,33,0,2,67,0,4,994,428,67,64
1128647045,240.256617,57.099,20.0,36.469,12.464,67,20,65,4328,28,false,34,33,0,2,67,0,4,994,428,67,64
1128709792,240.319364,55.5555555555556,20.0,36.469,12.464,67,20,56,4338,28,false,34,33,0,2,67,0,4,994,428,67,64
1128763906,240.373478,63.5664444444444,20.0,36.469,12.464,67,20,58,4340,28,false,34,33,0,2,67,0,4,994,428,67,64
1128825728,240.4353,58.3333333333333,20.0,36.469,12.464,67,20,62,4407,28,false,34,33,0,2,67,0,4,994,428,67,64
1128895037,240.504609,58.5446666666667,20.0,36.469,12.464,67,20,68,4401,28,false,34,33,0,2,67,0,4,994,428,67,64
1128952097,240.561669,65.063,20.0,36.469,12.464,67,20,66,4396,28,false,34,33,0,2,67,0,4,994,428,67,64
1129017312,240.626884,67.058,20.0,36.469,12.464,67,20,61,4391,28,false,34,33,0,2,67,0,4,994,428,67,64
1129076148,240.68572,60.0,20.0,36.469,12.464,67,20,70,4416,28,false,34,33,0,2,67,0,4,994,428,67,64
1129138837,240.748409,61.1111111111111,18.0,39.454,13.079,78,19,72,4412,28,false,40,38,0,8,78,0,0,999,431,78,59
1129189712,240.799284,61.1111111111111,18.0,39.454,13.079,78,19,74,4417,28,false,40,38,0,8,78,0,0,999,431,78,59
1129252505,240.862077,61.1111111111111,18.0,39.454,13.079,78,19,69,4420,28,false,40,38,0,8,78,0,0,999,431,78,59
1129307734,240.917306,61.1111111111111,18.0,39.454,13.079,78,19,69,4420,28,false,40,38,0,8,78,0,0,999,431,78,59
1129368064,240.977636,61.1111111111111,18.0,39.454,13.079,78,19,68,4429,28,false,40,38,0,8,78,0,0,999,431,78,59
1129430252,241.039824,61.1111111111111,18.0,39.454,13.079,78,19,81,4439,28,false,40,38,0,8,78,0,0,999,431,78,59
1129485041,241.094613,60.011,18.0,39.454,13.079,78,19,70,4433,28,false,40,38,0,8,78,0,0,999,431,78,59
1129550129,241.159701,61.1111111111111,18.0,39.454,13.079,78,19,69,4493,28,false,40,38,0,8,78,0,0,999,431,78,59
1129624372,241.233944,61.1111111111111,18.0,39.454,13.079,78,19,72,4486,28,false,40,38,0,8,78,0,0,999,431,78,59
1129691378,241.30095,61.6666666666667,18.0,39.454,13.079,90,22,82,4485,28,true,43,47,0,11,90,0,0,1008,436,90,67
1129758306,241.367878,66.2114444444445,18.0,39.454,13.079,90,22,73,4483,28,true,43,47,0,11,90,0,0,1008,436,90,67
1129822865,241.432437,64.214,18.0,39.454,13.079,90,22,74,4494,28,true,43,47,0,11,90,0,0,1008,436,90,67
1129883771,241.493343,63.154,18.0,39.454,13.079,90,22,72,4474,28,true,43,47,0,11,90,0,0,1008,436,90,67
1129944609,241.554181,62.5,18.0,39.454,13.079,90,22,83,4469,28,true,43,47,0,11,90,0,0,1008,436,90,67
1130016383,241.625955,62.5,18.0,39.454,13.079,90,22,70,4467,28,true,43,47,0,11,90,0,0,1008,436,90,67
1130074026,241.683598,68.168,18.0,39.454,13.079,90,22,74,4468,28,true,43,47,0,11,90,0,0,1008,436,90,67
1130126377,241.735949,59.8819999999545,16.0,37.213,12.112,90,22,74,4466,28,true,43,47,0,11,90,0,0,1008,436,90,67
1130197742,241.807314,62.5,16.0,37.213,12.112,89,32,81,4540,28,false,43,47,0,11,90,0,0,1012,438,89,79
1130273012,241.882584,63.8900000000455,16.0,37.213,12.112,89,32,70,4491,28,false,43,47,0,11,90,0,0,1012,438,89,79
1130328047,241.937619,65.362,16.0,37.213,12.112,89,32,70,4487,28,false,43,47,0,11,90,0,0,1012,438,89,79
1130399233,242.008805,64.624,16.0,37.213,12.112,89,32,80,4477,28,false,43,47,0,11,90,0,0,1012,438,89,79
1130460707,242.070279,66.356,16.0,37.213,12.112,89,32,69,4470,28,false,43,47,0,11,90,0,0,1012,438,89,79
1130524493,242.134065,64.61,16.0,37.213,12.112,89,32,69,4472,28,false,43,47,0,11,90,0,0,1012,438,89,79
1130579339,242.188911,62.6579999999545,16.0,37.213,12.112,89,32,71,4470,28,false,43,47,0,11,90,0,0,1012,438,89,79
1130659237,242.268809,64.2857142857143,16.0,37.213,12.112,89,32,81,4468,28,false,43,47,0,11,90,0,0,1012,438,89,79
1130723940,242.333512,52.7506190476646,16.0,37.213,12.112,90,29,72,4476,28,false,42,48,0,10,90,0,0,1019,442,90,82
1130783800,242.393372,67.977,16.0,37.213,12.112,90,29,71,4480,28,false,42,48,0,10,90,0,0,1019,442,90,82
1130859871,242.469443,73.018,16.0,37.213,12.112,90,29,57,4404,28,false,42,48,0,10,90,0,0,1019,442,90,82
1130923854,242.533426,66.6666666666667,16.0,37.213,12.112,90,29,56,4402,28,false,42,48,0,10,90,0,0,1019,442,90,82
1130973819,242.583391,66.6666666666667,16.0,37.213,12.112,90,29,58,4403,28,false,42,48,0,10,90,0,0,1019,442,90,82
1131047995,242.657567,60.2843333333333,16.0,37.213,12.112,90,29,66,4489,28,false,42,48,0,10,90,0,0,1019,442,90,82
1131113335,242.722907,65.872,15.0,49.046,22.424,90,29,57,4488,28,false,42,48,0,10,90,0,0,1019,442,90,82
1131181572,242.791144,66.6666666666667,15.0,49.046,22.424,90,29,60,4462,28,false,42,48,0,10,90,0,0,1019,442,90,82
1131248625,242.858197,66.6666666666667,15.0,49.046,22.424,72,39,67,4462,28,false,38,33,0,6,71,0,3,1040,456,72,56
1131313832,242.923404,66.6666666666667,15.0,49.046,22.424,72,39,58,4450,28,false,38,33,0,6,71,0,3,1040,456,72,56
1131374031,242.983603,66.6666666666667,15.0,49.046,22.424,72,39,62,4445,28,false,38,33,0,6,71,0,3,1040,456,72,56
1131445077,243.054649,66.6666666666667,15.0,49.046,22.424,72,39,72,4449,28,false,38,33,0,6,71,0,3,1040,456,72,56
1131510568,243.12014,66.6666666666667,15.0,49.046,22.424,72,39,60,4518,28,false,38,33,0,6,71,0,3,1040,456,72,56
1131577758,243.18733,66.6666666666667,15.0,49.046,22.424,72,39,62,4497,28,false,38,33,0,6,71,0,3,1040,456,72,56
1131643548,243.25312,66.6666666666667,15.0,49.046,22.424,72,39,68,4498,28,false,38,33,0,6,71,0,3,1040,456,72,56
1131707110,243.316682,66.6666666666667,15.0,49.046,22.424,72,39,58,4497,28,false,38,33,0,6,71,0,3,1040,456,72,56
1131768288,243.37786,63.387,15.0,49.046,22.424,74,42,58,4481,28,false,30,45,0,6,75,1,0,1051,459,74,68
1131834591,243.444163,62.763,15.0,49.046,22.424,74,42,61,4476,28,false,30,45,0,6,75,1,0,1051,459,74,68
1131898087,243.507659,64.875,15.0,49.046,22.424,74,42,70,4475,28,false,30,45,0,6,75,1,0,1051,459,74,68
1131958232,243.567804,61.521,15.0,49.046,22.424,74,42,59,4467,28,false,30,45,0,6,75,1,0,1051,459,74,68
1132022465,243.632037,63.268,15.0,49.046,22.424,74,42,63,4541,28,false,30,45,0,6,75,1,0,1051,459,74,68
1132083580,243.693152,63.8888888888889,15.0,49.046,22.424,74,42,64,4539,28,false,30,45,0,6,75,1,0,1051,459,74,68
1132143912,243.753484,56.6891111111111,16.0,39.917,14.016,74,42,64,4543,28,false,30,45,0,6,75,1,0,1051,459,74,68
1132150668,243.76024,29.4426666666667,16.0,39.917,14.016,74,42,64,4543,28,false,30,45,0,6,75,1,0,1051,459,74,68
1132159527,243.769099,16.6443333332878,16.0,39.917,14.016,74,42,64,4543,28,false,30,45,0,6,75,1,0,1051,459,74,68
1132169509,243.779081,2.47066666671221,16.0,39.917,14.016,74,42,64,4543,28,false,30,45,0,6,75,1,0,1051,459,74,68
1132179857,243.789429,16.6666666666667,16.0,39.917,14.016,74,42,64,4543,28,false,30,45,0,6,75,1,0,1051,459,74,68
1132191305,243.800877,8.33333333333333,16.0,39.917,14.016,74,42,64,4543,28,false,30,45,0,6,75,1,0,1051,459,74,68
1132203072,243.812644,10.0,16.0,39.917,14.016,74,42,64,4543,28,false,30,45,0,6,75,1,0,1051,459,74,68
1132215454,243.825026,12.5293333332878,16.0,39.917,14.016,74,42,64,4543,28,false,30,45,0,6,75,1,0,1051,459,74,68
1132232096,243.841668,11.1111111111111,16.0,39.917,14.016,74,42,64,4543,28,false,30,45,0,6,75,1,0,1051,459,74,68
1132248309,243.857881,11.7722222222678,16.0,39.917,14.016,74,42,64,4543,28,false,30,45,0,6,75,1,0,1051,459,74,68
1132265459,243.875031,16.608,16.0,39.917,14.016,75,36,64,4543,28,false,29,46,0,5,75,1,0,1054,461,75,73
1132281813,243.891385,16.89,16.0,39.917,14.016,75,36,64,4543,28,false,29,46,0,5,75,1,0,1054,461,75,73
1132298434,243.908006,16.6,16.0,39.917,14.016,75,36,64,4543,28,false,29,46,0,5,75,1,0,1054,461,75,73
1132314955,243.924527,16.533,16.0,39.917,14.016,75,36,64,4543,28,false,29,46,0,5,75,1,0,1054,461,75,73
1132332671,243.942243,17.656,16.0,39.917,14.016,75,36,64,4543,28,false,29,46,0,5,75,1,0,1054,461,75,73
1132348458,243.95803,15.824,16.0,39.917,14.016,75,36,64,4543,28,false,29,46,0,5,75,1,0,1054,461,75,73
1132364925,243.974497,16.489,16.0,39.917,14.016,75,36,64,4543,28,false,29,46,0,5,75,1,0,1054,461,75,73
1132382049,243.991621,17.126,16.0,39.917,14.016,75,36,64,4543,28,false,29,46,0,5,75,1,0,1054,461,75,73
1132400042,244.009614,17.804,16.0,39.917,14.016,75,36,64,4543,28,false,29,46,0,5,75,1,0,1054,461,75,73
1132415106,244.024678,15.2777777777778,16.0,39.917,14.016,75,36,64,4543,28,false,29,46,0,5,75,1,0,1054,461,75,73
1132431728,244.0413,16.6666666666667,16.0,39.917,14.016,75,36,64,4543,28,false,29,46,0,5,75,1,0,1054,461,75,73
1132448754,244.058326,16.9465555555556,16.0,39.917,14.016,75,36,64,4543,28,false,29,46,0,5,75,1,0,1054,461,75,73
1132466516,244.076088,17.627,16.0,39.917,14.016,75,36,64,4543,28,false,29,46,0,5,75,1,0,1054,461,75,73
1132482593,244.092165,16.6666666666667,16.0,39.917,14.016,75,36,64,4543,28,false,29,46,0,5,75,1,0,1054,461,75,73
1132498635,244.108207,16.6666666666667,16.0,39.917,14.016,75,36,64,4543,28,false,29,46,0,5,75,1,0,1054,461,75,73
1132515208,244.12478,16.6666666666667,16.0,39.917,14.016,75,36,64,4543,28,false,29,46,0,5,75,1,0,1054,461,75,73
1132531908,244.14148,16.6666666666667,16.0,39.917,14.016,75,36,64,4543,28,false,29,46,0,5,75,1,0,1054,461,75,73
1132548502,244.158074,16.6666666666667,16.0,39.917,14.016,75,36,64,4543,28,false,29,46,0,5,75,1,0,1054,461,75,73
1132565235,244.174807,16.6666666666667,16.0,39.917,14.016,75,36,64,4543,28,false,29,46,0,5,75,1,0,1054,461,75,73
1132581606,244.191178,16.6666666666667,16.0,39.917,14.016,75,36,64,4543,28,false,29,46,0,5,75,1,0,1054,461,75,73
1132598634,244.208206,16.6666666666667,16.0,39.917,14.016,75,36,64,4543,28,false,29,46,0,5,75,1,0,1054,461,75,73
1132616194,244.225766,16.6666666666667,16.0,39.917,14.016,75,36,64,4543,28,false,29,46,0,5,75,1,0,1054,461,75,73
1132632029,244.241601,16.6666666666667,16.0,39.917,14.016,75,36,64,4543,28,false,29,46,0,5,75,1,0,1054,461,75,73
1132648542,244.258114,16.6666666666667,16.0,39.917,14.016,75,36,64,4543,28,false,29,46,0,5,75,1,0,1054,461,75,73
1132664846,244.274418,16.6666666666667,16.0,39.917,14.016,75,36,64,4543,28,false,29,46,0,5,75,1,0,1054,461,75,73
1132682099,244.291671,16.6666666666667,16.0,39.917,14.016,75,36,64,4543,28,false,29,46,0,5,75,1,0,1054,461,75,73
1132698120,244.307692,16.6666666666667,16.0,39.917,14.016,75,36,64,4543,28,false,29,46,0,5,75,1,0,1054,461,75,73
1132715367,244.324939,16.6666666666667,16.0,39.917,14.016,75,36,64,4543,28,false,29,46,0,5,75,1,0,1054,461,75,73
1132731811,244.341383,16.6666666666667,16.0,39.917,14.016,75,36,64,4543,28,false,29,46,0,5,75,1,0,1054,461,75,73
1132749027,244.358599,16.6666666666667,16.0,39.917,14.016,75,36,64,4543,28,false,29,46,0,5,75,1,0,1054,461,75,73
1132768028,244.3776,17.3196666666667,16.0,39.917,14.016,75,36,64,4543,28,false,29,46,0,5,75,1,0,1054,461,75,73
1132781840,244.391412,16.6666666666667,16.0,39.917,14.016,75,36,64,4543,28,false,29,46,0,5,75,1,0,1054,461,75,73
1132798856,244.408428,16.6666666666667,16.0,39.917,14.016,75,36,64,4543,28,false,29,46,0,5,75,1,0,1054,461,75,73
1132825769,244.435341,16.6666666666667,16.0,39.917,14.016,75,36,58,4531,28,false,29,46,0,5,75,1,0,1054,461,75,73
1132875360,244.484932,39.941,16.0,39.917,14.016,75,36,62,4510,28,false,29,46,0,5,75,1,0,1054,461,75,73
1132937931,244.547503,64.5113333333333,16.0,39.917,14.016,75,36,56,4507,28,false,29,46,0,5,75,1,0,1054,461,75,73
1132984624,244.594196,53.321,16.0,39.917,14.016,75,36,55,4503,28,false,29,46,0,5,75,1,0,1054,461,75,73
1133041805,244.651377,53.692,16.0,39.917,14.016,75,36,56,4498,28,false,29,46,0,5,75,1,0,1054,461,75,73
1133092710,244.702282,55.5555555555556,48.0,37.387,10.684,75,36,53,4500,28,false,29,46,0,5,75,1,0,1054,461,75,73
1133142431,244.752003,55.4117777777778,48.0,37.387,10.684,75,36,53,4501,28,false,29,46,0,5,75,1,0,1054,461,75,73
1133189093,244.798665,46.195,48.0,37.387,10.684,75,36,54,4501,28,false,29,46,0,5,75,1,0,1054,461,75,73
1133239078,244.84865,51.525,48.0,37.387,10.684,75,36,53,4501,28,false,29,46,0,5,75,1,0,1054,461,75,73
1133286886,244.896458,46.122,48.0,37.387,10.684,75,37,54,4496,28,false,21,53,1,5,74,1,0,1069,465,75,70
1133332965,244.942537,50.215,48.0,37.387,10.684,75,37,53,4496,28,false,21,53,1,5,74,1,0,1069,465,75,70
1133380779,244.990351,47.582,48.0,37.387,10.684,75,37,53,4462,28,false,21,53,1,5,74,1,0,1069,465,75,70
1133417820,245.027392,43.613,48.0,37.387,10.684,75,37,57,4460,28,false,21,53,1,5,74,1,0,1069,465,75,70
1133465250,245.074822,40.766,48.0,37.387,10.684,75,37,56,4458,28,false,21,53,1,5,74,1,0,1069,465,75,70
1133516320,245.125892,49.134,48.0,37.387,10.684,75,37,57,4460,28,false,21,53,1,5,74,1,0,1069,465,75,70
1133559593,245.169165,45.968,48.0,37.387,10.684,75,37,56,4461,28,false,21,53,1,5,74,1,0,1069,465,75,70
1133600011,245.209583,43.778,48.0,37.387,10.684,75,37,63,4464,28,false,21,53,1,5,74,1,0,1069,465,75,70
1133649703,245.259275,45.545,48.0,37.387,10.684,75,37,64,4464,28,false,21,53,1,5,74,1,0,1069,465,75,70
1133701731,245.311303,46.6666666666667,48.0,37.387,10.684,75,37,63,4463,28,false,21,53,1,5,74,1,0,1069,465,75,70
1133745836,245.355408,46.6666666666667,48.0,37.387,10.684,75,37,64,4464,28,false,21,53,1,5,74,1,0,1069,465,75,70
1133805161,245.414733,48.8733333332878,48.0,37.387,10.684,78,39,66,4477,28,false,21,53,1,5,74,1,0,1069,465,78,70
1133843691,245.453263,46.6666666666667,48.0,37.387,10.684,78,39,56,4475,28,false,21,53,1,5,74,1,0,1069,465,78,70
1133890742,245.500314,46.2962962962963,48.0,37.387,10.684,78,39,56,4473,28,false,21,53,1,5,74,1,0,1069,465,78,70
1133950936,245.560508,46.6666666666667,48.0,37.387,10.684,78,39,51,4531,28,false,21,53,1,5,74,1,0,1069,465,78,70
1133998394,245.607966,46.6666666666667,48.0,37.387,10.684,78,39,52,4527,28,false,21,53,1,5,74,1,0,1069,465,78,70
1134044181,245.653753,47.0370370370371,48.0,37.387,10.684,78,39,54,4545,28,false,21,53,1,5,74,1,0,1069,465,78,70
1134082305,245.691877,46.8583333333789,21.0,38.455,10.647,78,39,59,4543,28,false,21,53,1,5,74,1,0,1069,465,78,70
1134129799,245.739371,46.6666666666667,21.0,38.455,10.647,78,39,60,4545,28,false,21,53,1,5,74,1,0,1069,465,78,70
1134176191,245.785763,46.6666666666667,21.0,38.455,10.647,78,39,59,4543,28,false,21,53,1,5,74,1,0,1069,465,78,70
1134227554,245.837126,46.6666666666667,21.0,38.455,10.647,78,39,60,4541,28,false,21,53,1,5,74,1,0,1069,465,78,70
1134272895,245.882467,46.6666666666667,21.0,38.455,10.647,78,39,59,4541,28,false,21,53,1,5,74,1,0,1069,465,78,70
1134313403,245.922975,46.6666666666667,21.0,38.455,10.647,78,39,66,4539,28,false,22,55,1,6,77,1,0,1070,465,78,70
1134370390,245.979962,46.6666666666667,21.0,38.455,10.647,78,39,68,4553,28,false,22,55,1,6,77,1,0,1070,465,78,70
1134413669,246.023241,47.512,21.0,38.455,10.647,78,39,68,4553,28,false,22,55,1,6,77,1,0,1070,465,78,70
1134463627,246.073199,46.6666666666667,21.0,38.455,10.647,78,39,67,4545,28,false,22,55,1,6,77,1,0,1070,465,78,70
1134515390,246.124962,50.6493333333333,21.0,38.455,10.647,78,39,67,4546,28,false,22,55,1,6,77,1,0,1070,465,78,70
1134571755,246.181327,49.374,21.0,38.455,10.647,78,39,67,4545,28,false,22,55,1,6,77,1,0,1070,465,78,70
1134637296,246.246868,61.68,21.0,38.455,10.647,78,39,64,4603,28,false,22,55,1,6,77,1,0,1070,465,78,70
1134697188,246.30676,61.125,21.0,38.455,10.647,78,39,58,4537,28,false,22,55,1,6,77,1,0,1070,465,78,70
1134747938,246.35751,58.3333333333333,21.0,38.455,10.647,78,39,54,4533,28,false,22,55,1,6,77,1,0,1070,465,78,70
1134809087,246.418659,58.3333333333333,21.0,38.455,10.647,78,39,52,4529,28,false,22,55,1,6,77,1,0,1070,465,78,70
1134873004,246.482576,58.3333333333333,21.0,38.455,10.647,78,36,67,4536,28,false,27,48,0,3,75,1,0,1081,470,78,74
1134920305,246.529877,58.485,21.0,38.455,10.647,78,36,67,4533,28,false,27,48,0,3,75,1,0,1081,470,78,74
1134983433,246.593005,58.3333333333333,21.0,38.455,10.647,78,36,61,4542,28,false,27,48,0,3,75,1,0,1081,470,78,74
1135032115,246.641687,58.3333333333333,21.0,38.455,10.647,78,36,61,4544,28,false,27,48,0,3,75,1,0,1081,470,78,74
1135091449,246.701021,58.3333333333333,19.0,36.231,12.485,78,36,61,4550,28,false,27,48,0,3,75,1,0,1081,470,78,74
1135138272,246.747844,58.3333333333333,19.0,36.231,12.485,78,36,62,4549,28,false,27,48,0,3,75,1,0,1081,470,78,74
1135198098,246.80767,55.7933333333333,19.0,36.231,12.485,78,36,60,4600,28,false,27,48,0,3,75,1,0,1081,470,78,74
1135256702,246.866274,56.329,19.0,36.231,12.485,78,36,68,4595,28,false,27,48,0,3,75,1,0,1081,470,78,74
1135319679,246.929251,57.5757575757576,19.0,36.231,12.485,78,36,72,4576,28,false,27,48,0,3,75,1,0,1081,470,78,74
1135376337,246.985909,57.5757575757576,19.0,36.231,12.485,84,34,66,4564,28,true,27,53,0,3,80,1,0,1085,473,84,77
1135436312,247.045884,57.5757575757576,19.0,36.231,12.485,84,34,68,4571,28,true,27,53,0,3,80,1,0,1085,473,84,77
1135493824,247.103396,57.5757575757576,19.0,36.231,12.485,84,34,65,4578,28,true,27,53,0,3,80,1,0,1085,473,84,77
1135544326,247.153898,57.5757575757576,19.0,36.231,12.485,84,34,66,4584,28,true,27,53,0,3,80,1,0,1085,473,84,77
1135595987,247.205559,55.6342121212121,19.0,36.231,12.485,84,34,67,4590,28,true,27,53,0,3,80,1,0,1085,473,84,77
1135657532,247.267104,54.858,19.0,36.231,12.485,84,34,76,4592,28,true,27,53,0,3,80,1,0,1085,473,84,77
1135717158,247.32673,57.1428571428571,19.0,36.231,12.485,84,34,78,4593,28,true,27,53,0,3,80,1,0,1085,473,84,77
1135784159,247.393731,57.4074074074074,19.0,36.231,12.485,84,34,72,4664,28,true,27,53,0,3,80,1,0,1085,473,84,77
1135835027,247.444599,57.4074074074074,19.0,36.231,12.485,84,34,72,4660,28,true,27,53,0,3,80,1,0,1085,473,84,77
1135897736,247.507308,57.4074074074074,19.0,36.231,12.485,90,38,66,4611,28,false,30,60,0,6,90,1,0,1090,476,90,79
1135945332,247.554904,57.4074074074074,19.0,36.231,12.485,90,38,66,4610,28,false,30,60,0,6,90,1,0,1090,476,90,79
1136003001,247.612573,57.1428571428571,19.0,36.231,12.485,90,38,66,4605,28,false,30,60,0,6,90,1,0,1090,476,90,79
1136068337,247.677909,57.1428571428571,19.0,36.231,12.485,90,38,77,4608,28,false,30,60,0,6,90,1,0,1090,476,90,79
1136127601,247.737173,57.4074074074074,18.0,39.177,11.193,90,38,77,4607,28,false,30,60,0,6,90,1,0,1090,476,90,79
1136183434,247.793006,57.4074074074074,18.0,39.177,11.193,90,38,72,4597,28,false,30,60,0,6,90,1,0,1090,476,90,79
1136247457,247.857029,57.4074074074074,18.0,39.177,11.193,90,38,74,4598,28,false,30,60,0,6,90,1,0,1090,476,90,79
1136300322,247.909894,57.4074074074074,18.0,39.177,11.193,90,38,65,4586,28,false,30,60,0,6,90,1,0,1090,476,90,79
1136367523,247.977095,62.7045026455026,18.0,39.177,11.193,90,38,64,4575,28,false,30,60,0,6,90,1,0,1090,476,90,79
1136422645,248.032217,58.3,18.0,39.177,11.193,90,40,77,4576,28,false,28,60,0,4,88,1,0,1091,477,90,77
1136473955,248.083527,57.4074074074074,18.0,39.177,11.193,90,40,77,4541,28,false,28,60,0,4,88,1,0,1091,477,90,77
1136534809,248.144381,53.0565925925472,18.0,39.177,11.193,90,40,72,4550,28,false,28,60,0,4,88,1,0,1091,477,90,77
1136592768,248.20234,66.6666666666667,18.0,39.177,11.193,90,40,69,4556,28,false,28,60,0,4,88,1,0,1091,477,90,77
1136637142,248.246714,57.1428571428571,18.0,39.177,11.193,90,40,69,4550,28,false,28,60,0,4,88,1,0,1091,477,90,77
1136697978,248.30755,56.6666666666667,18.0,39.177,11.193,90,40,72,4556,28,false,28,60,0,4,88,1,0,1091,477,90,77
1136762400,248.371972,56.6666666666667,18.0,39.177,11.193,90,40,79,4626,28,false,28,60,0,4,88,1,0,1091,477,90,77
1136814739,248.424311,56.6666666666667,18.0,39.177,11.193,90,40,79,4622,28,false,28,60,0,4,88,1,0,1091,477,90,77
1136878602,248.488174,56.6666666666667,18.0,39.177,11.193,90,40,74,4610,28,false,28,60,0,4,88,1,0,1091,477,90,77
1136944269,248.553841,56.6666666666667,18.0,39.177,11.193,93,37,73,4597,28,true,30,64,1,6,94,1,0,1099,477,93,79
1137014930,248.624502,61.6581428571883,18.0,39.177,11.193,93,37,74,4583,28,true,30,64,1,6,94,1,0,1099,477,93,79
1137081919,248.691491,78.711,18.0,39.177,11.193,93,37,88,4574,28,true,30,64,1,6,94,1,0,1099,477,93,79
1137145236,248.754808,61.1111111111111,17.0,40.909,15.382,93,37,83,4561,28,true,30,64,1,6,94,1,0,1099,477,93,79
1137208754,248.818326,63.3333333333333,17.0,40.909,15.382,93,37,75,4559,28,true,30,64,1,6,94,1,0,1099,477,93,79
1137260043,248.869615,61.3768888888435,17.0,40.909,15.382,93,37,77,4558,28,true,30,64,1,6,94,1,0,1099,477,93,79
1137327262,248.936834,62.5,17.0,40.909,15.382,93,37,91,4561,28,true,30,64,1,6,94,1,0,1099,477,93,79
1137383538,248.99311,62.5,17.0,40.909,15.382,93,37,79,4561,28,true,30,64,1,6,94,1,0,1099,477,93,79
1137448077,249.057649,62.5,17.0,40.909,15.382,101,43,76,4569,28,false,40,61,0,8,101,0,0,1115,491,101,77
1137505285,249.114857,62.5,17.0,40.909,15.382,101,43,79,4577,28,false,40,61,0,8,101,0,0,1115,491,101,77
1137575846,249.185418,62.5,17.0,40.909,15.382,101,43,91,4644,28,false,40,61,0,8,101,0,0,1115,491,101,77
1137647252,249.256824,62.5,17.0,40.909,15.382,101,43,77,4633,28,false,40,61,0,8,101,0,0,1115,491,101,77
1137712786,249.322358,64.1526666667121,17.0,40.909,15.382,101,43,71,4627,28,false,40,61,0,8,101,0,0,1115,491,101,77
1137777359,249.386931,64.764,17.0,40.909,15.382,101,43,86,4621,28,false,40,61,0,8,101,0,0,1115,491,101,77
1137843846,249.453418,68.899,17.0,40.909,15.382,101,43,77,4619,28,false,40,61,0,8,101,0,0,1115,491,101,77
1137900783,249.510355,64.2857142857143,17.0,40.909,15.382,101,43,67,4609,28,false,40,61,0,8,101,0,0,1115,491,101,77
1137953762,249.563334,62.8986190475736,17.0,40.909,15.382,99,41,68,4602,28,false,28,68,3,4,96,1,0,1128,495,99,85
1138011520,249.621092,58.4633333333787,17.0,40.909,15.382,99,41,82,4603,28,false,28,68,3,4,96,1,0,1128,495,99,85
1138070500,249.680072,61.618,17.0,40.909,15.382,99,41,79,4603,28,false,28,68,3,4,96,1,0,1128,495,99,85
1138116345,249.725917,53.973,16.0,37.661,13.133,99,41,78,4598,28,false,28,68,3,4,96,1,0,1128,495,99,85
1138164272,249.773844,48.805,16.0,37.661,13.133,99,41,79,4593,28,false,28,68,3,4,96,1,0,1128,495,99,85
1138211935,249.821507,44.623,16.0,37.661,13.133,99,41,77,4592,28,false,28,68,3,4,96,1,0,1128,495,99,85
1138266535,249.876107,52.673,16.0,37.661,13.133,99,41,77,4641,28,false,28,68,3,4,96,1,0,1128,495,99,85
