t_usec,elapsed_sec,frame_ms,fps,process_ms,physics_ms,enemies,projectiles,physics_objects,nodes,chunks,flow_building,sim_full,sim_mid,sim_far,sim_protected,sim_physics_enabled,sim_pressure,sim_spatial_demotions,tier_changes_total,tier_reversals_total,world_materialized,world_data_only,wall_ms,ascension_usec,fragment_usec,projectile_ms,chunk_build_ms,flow_publish_usec,hitch_tag,hitch_ms,physics_ticks,physics_frame_ms,sampling_usec,process_phase_ms,deferred_ms,render_present_ms,future_metric
37325087,5.425087,16.6666666666667,60,9.168,3.191,0,8,5,2470,9,false,0,0,0,0,0,0,0,0,0,0,0,16.487,384,14,0.296,5.5,625,,0,1,0.615,153,3.183,0.66,11.629,1
37341881,5.441881,16.6666666666667,60,9.168,3.191,0,8,5,2470,9,false,0,0,0,0,0,0,0,0,0,0,0,16.794,387,41,0.296,5.5,625,,0,1,0.632,135,3.169,0.66,11.934,1
37358644,5.458644,16.6666666666667,60,9.168,3.191,0,8,6,2484,9,false,0,0,0,0,0,0,0,0,0,0,0,16.763,324,20,0.296,5.5,625,,0,1,0.625,119,3.119,0.672,11.948,1
37375289,5.475289,16.6666666666667,60,9.168,3.191,0,8,7,2498,9,false,0,0,0,0,0,0,0,0,0,0,0,16.645,274,12,0.296,5.5,625,,0,1,0.668,153,3.133,0.684,11.76,1
37392189,5.492189,16.6666666666667,60,9.168,3.191,0,8,7,2498,9,false,0,0,0,0,0,0,0,0,0,0,0,16.9,414,22,0.296,5.5,625,,0,1,0.661,164,3.284,0.684,11.871,1
37408746,5.508746,16.6666666666667,60,9.168,3.191,0,8,8,2512,9,false,0,0,0,0,0,0,0,0,0,0,0,16.557,379,35,0.296,5.5,625,,0,1,0.71,158,3.273,0.696,11.478,1
37425302,5.525302,16.6666666666667,60,9.168,3.191,0,8,9,2526,9,false,0,0,0,0,0,0,0,0,0,0,0,16.556,304,21,0.296,5.5,625,,0,1,0.638,160,3.23,0.708,11.579,1
37441989,5.541989,16.6666666666667,60,9.168,3.191,0,8,10,2540,9,false,0,0,0,0,0,0,0,0,0,0,0,16.687,387,23,0.296,5.5,625,,0,1,0.659,143,3.326,0.72,11.582,1
37458449,5.558449,16.6666666666667,60,9.168,3.191,0,8,11,2554,9,false,0,0,0,0,0,0,0,0,0,0,0,16.46,399,32,0.296,5.5,625,,0,1,0.715,160,3.385,0.732,11.228,1
37474964,5.574964,16.6666666666667,60,9.168,3.191,0,8,11,2554,9,false,0,0,0,0,0,0,0,0,0,0,0,16.515,369,38,0.296,5.5,625,,0,1,0.799,115,3.31,0.732,11.275,1
37491435,5.591435,16.6666666666667,60,9.168,3.191,0,8,12,2568,9,false,0,0,0,0,0,0,0,0,0,0,0,16.471,357,12,0.296,5.5,625,,0,1,0.698,126,3.339,0.744,11.291,1
37508173,5.608173,16.6666666666667,60,9.168,3.191,13,13,13,2582,9,false,13,0,0,0,13,0,0,0,0,13,0,16.738,316,27,0.356,5.5,625,,0,1,0.732,107,3.369,0.756,11.481,1
37524796,5.624796,16.6666666666667,60,9.168,3.191,13,13,14,2596,9,false,13,0,0,0,13,0,0,0,0,13,0,16.623,550,28,0.356,5.5,625,,0,1,0.798,169,3.696,0.768,10.961,1
37541564,5.641564,16.6666666666667,60,9.168,3.191,13,13,15,2610,9,false,13,0,0,0,13,0,0,0,0,13,0,16.768,389,29,0.356,5.5,625,,0,1,0.868,166,3.561,0.78,11.159,1
37558126,5.658126,16.6666666666667,60,9.168,3.191,13,13,16,2624,9,false,13,0,0,0,13,0,0,0,0,13,0,16.562,372,22,0.356,5.5,625,,0,1,0.835,152,3.56,0.792,10.975,1
37574830,5.67483,16.6666666666667,60,9.168,3.191,13,13,17,2638,9,false,13,0,0,0,13,0,0,0,0,13,0,16.704,326,18,0.356,5.5,625,,0,1,0.922,158,3.55,0.804,11.028,1
37591643,5.691643,16.6666666666667,60,9.168,3.191,13,13,18,2652,9,false,13,0,0,0,13,0,0,0,0,13,0,16.813,399,24,0.356,5.5,625,,0,1,0.855,109,3.604,0.816,11.139,1
37608433,5.708433,16.6666666666667,60,9.168,3.191,13,13,20,2680,9,false,13,0,0,0,13,0,0,0,0,13,0,16.79,490,6,0.356,5.5,625,,0,1,0.9,140,3.786,0.84,10.864,1
37625153,5.725153,16.6666666666667,60,9.168,3.191,13,13,21,2694,9,false,13,0,0,0,13,0,0,0,0,13,0,16.72,380,7,0.356,5.5,625,,0,1,0.969,127,3.693,0.852,10.806,1
37642014,5.742014,16.6666666666667,60,9.168,3.191,13,13,22,2708,9,false,13,0,0,0,13,0,0,0,0,13,0,16.861,537,31,0.356,5.5,625,,0,1,0.968,166,3.918,0.864,10.711,1
37658743,5.758743,16.6666666666667,60,9.168,3.191,13,13,23,2722,9,false,13,0,0,0,13,0,0,0,0,13,0,16.729,387,11,0.356,5.5,625,,0,1,1.029,126,3.759,0.876,10.665,1
37675467,5.775467,16.6666666666667,60,9.168,3.191,13,13,24,2736,9,false,13,0,0,0,13,0,0,0,0,13,0,16.724,444,4,0.356,5.5,625,,0,1,1.075,111,3.831,0.888,10.53,1
37691935,5.791935,16.6666666666667,60,9.168,3.191,13,13,25,2750,9,false,13,0,0,0,13,0,0,0,0,13,0,16.468,323,3,0.356,5.5,625,,0,1,0.988,145,3.773,0.9,10.407,1
37708412,5.808412,16.6666666666667,60,9.168,3.191,13,13,27,2778,9,false,13,0,0,0,13,0,0,0,0,13,0,16.477,378,18,0.356,5.5,625,,0,1,1.017,164,3.908,0.924,10.229,1
37725250,5.82525,16.6666666666667,60,9.168,3.191,13,13,28,2792,9,false,13,0,0,0,13,0,0,0,0,13,0,16.838,499,6,0.356,5.5,625,,0,1,1.034,152,4.047,0.936,10.422,1
37741870,5.84187,16.6666666666667,60,9.168,3.191,13,13,29,2806,9,false,13,0,0,0,13,0,0,0,0,13,0,16.62,469,28,0.356,5.5,625,,0,1,1.048,113,4.008,0.948,10.216,1
37758334,5.858334,16.6666666666667,60,9.168,3.191,13,13,31,2834,9,false,13,0,0,0,13,0,0,0,0,13,0,16.464,452,15,0.356,5.5,625,,0,1,1.151,152,4.089,0.972,9.851,1
37775225,5.875225,16.6666666666667,60,9.168,3.191,13,13,32,2848,9,false,13,0,0,0,13,0,0,0,0,13,0,16.891,462,27,0.356,5.5,625,,0,1,1.108,111,4.089,0.984,10.31,1
37791980,5.89198,16.6666666666667,60,9.168,3.191,13,13,33,2862,9,false,13,0,0,0,13,0,0,0,0,13,0,16.755,553,24,0.356,5.5,625,,0,1,1.224,127,4.226,0.996,9.909,1
37808846,5.908846,16.6666666666667,60,9.168,3.191,13,13,34,2876,9,false,13,0,0,0,13,0,0,0,0,13,0,16.866,490,16,0.356,5.5,625,,0,1,1.182,152,4.218,1.008,10.057,1
37825680,5.92568,16.6666666666667,60,9.168,3.191,13,13,36,2904,9,false,13,0,0,0,13,0,0,0,0,13,0,16.834,382,13,0.356,5.5,625,,0,1,1.316,122,4.139,1.032,9.947,1
37842163,5.942163,16.6666666666667,60,9.168,3.191,13,13,38,2932,9,false,13,0,0,0,13,0,0,0,0,13,0,16.483,378,9,0.356,5.5,625,,0,1,1.34,150,4.223,1.056,9.464,1
37858911,5.958911,16.6666666666667,60,9.168,3.191,13,13,39,2946,9,false,13,0,0,0,13,0,0,0,0,13,0,16.748,385,10,0.356,5.5,625,,0,1,1.235,131,4.242,1.068,9.803,1
37875774,5.975774,16.6666666666667,60,9.168,3.191,13,13,41,2974,9,false,13,0,0,0,13,0,0,0,0,13,0,16.863,411,27,0.356,5.5,625,,0,1,1.379,114,4.31,1.092,9.682,1
37892204,5.992204,16.6666666666667,60,9.168,3.191,13,13,42,2988,9,false,13,0,0,0,13,0,0,0,0,13,0,16.43,371,21,0.356,5.5,625,,0,1,1.38,145,4.332,1.104,9.214,1
37908844,6.008844,16.6666666666667,60,9.168,3.191,13,13,44,3016,9,false,13,0,0,0,13,0,0,0,0,13,0,16.64,528,24,0.356,5.5,625,,0,1,1.353,138,4.541,1.128,9.217,1
38108844,6.208844,66.6666666666667,60,10.858,1.202,45,23,45,3030,9,false,45,0,0,0,45,0,0,0,0,45,0,200,492,37,0.476,5.5,521,unattributed,1.411,1,1.411,115,4.633,1.14,192.415,1
38131178,6.231178,22.334,60,10.858,1.202,45,23,48,3072,9,false,45,0,0,0,45,0,0,0,0,45,0,22.334,387,24,0.476,5.5,521,,0,4,6.222,137,4.639,1.176,9.896,1
38147842,6.247842,16.6666666666667,60,10.858,1.202,45,23,50,3100,9,false,45,0,0,0,45,0,0,0,0,45,0,16.664,474,35,0.476,5.5,521,,0,1,1.499,160,4.81,1.2,8.755,1
38164659,6.264659,16.6666666666667,60,10.858,1.202,45,23,52,3128,9,false,45,0,0,0,45,0,0,0,0,45,0,16.817,519,11,0.476,5.5,521,,0,1,1.492,168,4.923,1.224,8.778,1
38181082,6.281082,16.6666666666667,60,10.858,1.202,45,23,54,3156,9,false,45,0,0,0,45,0,0,0,0,45,0,16.423,479,10,0.476,5.5,521,,0,1,1.62,134,4.908,1.248,8.247,1
38197509,6.297509,16.6666666666667,60,10.858,1.202,45,23,57,3198,9,false,45,0,0,0,45,0,0,0,0,45,0,16.427,463,38,0.476,5.5,521,,0,1,1.719,125,4.974,1.284,8.05,1
38213978,6.313978,16.6666666666667,60,10.858,1.202,45,23,59,3226,9,false,45,0,0,0,45,0,0,0,0,45,0,16.469,474,22,0.476,5.5,521,,0,1,1.637,148,5.068,1.308,8.056,1
38230459,6.330459,16.6666666666667,60,10.858,1.202,45,23,61,3254,9,false,45,0,0,0,45,0,0,0,0,45,0,16.481,436,38,0.476,5.5,521,,0,1,1.721,156,5.098,1.332,7.93,1
38247246,6.347246,16.6666666666667,60,10.858,1.202,45,23,63,3282,9,false,45,0,0,0,45,0,0,0,0,45,0,16.787,530,16,0.476,5.5,521,,0,1,1.818,113,5.209,1.356,8.004,1
38263696,6.363696,16.6666666666667,60,10.858,1.202,45,23,65,3310,9,false,45,0,0,0,45,0,0,0,0,45,0,16.45,555,2,0.476,5.5,521,,0,1,1.857,102,5.283,1.38,7.53,1
38280316,6.380316,16.6666666666667,60,10.858,1.202,45,23,68,3352,9,false,45,0,0,0,45,0,0,0,0,45,0,16.62,532,37,0.476,5.5,521,,0,1,1.856,114,5.363,1.416,7.585,1
38296878,6.396878,16.6666666666667,60,10.858,1.202,45,23,70,3380,9,false,45,0,0,0,45,0,0,0,0,45,0,16.562,582,15,0.476,5.5,521,,0,1,1.945,141,5.499,1.44,7.278,1
38313332,6.413332,16.6666666666667,60,10.858,1.202,45,23,73,3422,9,false,45,0,0,0,45,0,0,0,0,45,0,16.454,516,37,0.476,5.5,521,,0,1,2.036,129,5.51,1.476,7.032,1
38330009,6.430009,16.6666666666667,60,10.858,1.202,45,23,75,3450,9,false,45,0,0,0,45,0,0,0,0,45,0,16.677,467,40,0.476,5.5,521,,0,1,1.981,156,5.549,1.5,7.247,1
38346923,6.446923,16.6666666666667,60,10.858,1.202,45,23,77,3478,9,false,45,0,0,0,45,0,0,0,0,45,0,16.914,550,8,0.476,5.5,521,,0,1,2,110,5.646,1.524,7.344,1
38363810,6.46381,16.6666666666667,60,10.858,1.202,45,23,79,3506,9,false,45,0,0,0,45,0,0,0,0,45,0,16.887,473,33,0.476,5.5,521,,0,1,2.114,133,5.652,1.548,7.173,1
38380337,6.480337,16.6666666666667,60,10.858,1.202,45,23,81,3534,9,false,45,0,0,0,45,0,0,0,0,45,0,16.527,587,33,0.476,5.5,521,,0,1,2.142,132,5.825,1.572,6.589,1
38396998,6.496998,16.6666666666667,60,10.858,1.202,45,23,83,3562,9,false,45,0,0,0,45,0,0,0,0,45,0,16.661,546,25,0.476,5.5,521,,0,1,2.128,148,5.86,1.596,6.677,1
38413791,6.513791,16.6666666666667,60,10.858,1.202,45,23,85,3590,9,false,45,0,0,0,45,0,0,0,0,45,0,16.793,588,27,0.476,5.5,521,,0,1,2.261,169,5.982,1.62,6.53,1
38430284,6.530284,16.6666666666667,60,10.858,1.202,45,23,88,3632,9,false,45,0,0,0,45,0,0,0,0,45,0,16.493,522,37,0.476,5.5,521,,0,1,2.313,164,6.003,1.656,6.121,1
38446766,6.546766,16.6666666666667,60,10.858,1.202,45,23,90,3660,9,false,45,0,0,0,45,0,0,0,0,45,0,16.482,633,24,0.476,5.5,521,,0,1,2.362,103,6.113,1.68,5.926,1
38463578,6.563578,16.6666666666667,60,10.858,1.202,45,23,92,3688,9,false,45,0,0,0,45,0,0,0,0,45,0,16.812,679,16,0.476,5.5,521,,0,1,2.371,156,6.27,1.704,6.067,1
38480416,6.580416,16.6666666666667,60,10.858,1.202,45,23,95,3730,9,false,45,0,0,0,45,0,0,0,0,45,0,16.838,521,22,0.476,5.5,521,,0,1,2.364,147,6.194,1.74,6.141,1
38497243,6.597243,16.6666666666667,60,10.858,1.202,45,23,97,3758,9,false,45,0,0,0,45,0,0,0,0,45,0,16.827,649,26,0.476,5.5,521,,0,1,2.489,108,6.343,1.764,5.831,1
38513793,6.613793,16.6666666666667,60,10.858,1.202,45,23,99,3786,9,false,45,0,0,0,45,0,0,0,0,45,0,16.55,595,13,0.476,5.5,521,,0,1,2.448,103,6.344,1.788,5.57,1
