job_index,name,source,core,tier,spent,node_count,hp_per_second,kills_per_second,player_hp_lost,deaths,min_hp,followers_per_minute,q_casts,v_casts,generated,frame_p95_ms,gear_set,gear_rank,q,v,nodes
0,Execution early,preset,melee,seg2,1000,5,1176.17,7.900,50.7,0,107.8,954.0,0,0,200,1.21,gravemarch,1,,,core.melee EX01 EX02 EX03 EX04
4,Momentum developed,preset,melee,seg4,4400,10,3266.94,24.800,0.0,0,179.1,3090.0,1,0,127,5.89,lattice,3,MOQ,,core.melee MO01 MO02 MO03 MO04 MO07 MO12 MOQ MOQ1 MOF1
8,Bastion pure,preset,melee,seg6,14200,16,1504.56,9.900,163.2,0,72.2,1308.0,1,0,313,2.84,conduit,6,BAQ,BAV,core.melee BA01 BA02 BA03 BA04 BA08 BA09 BA10 BAQ BAQ2 BAQ4 BAF2 BAK1 BAC BAV BAE2
12,Barrage early,preset,ranged,seg2,1000,5,683.66,4.800,153.7,1,7.3,600.0,0,0,669,0.85,conduit,1,,,core.ranged BR01 BR02 BR04 BR05
16,Ordnance developed,preset,ranged,seg4,5200,11,4726.69,35.600,212.2,1,9.1,4530.0,1,0,1870,0.97,gravemarch,3,ORQ,,core.ranged OR01 OR02 OR03 OR04 OR09 OR08 OR12 ORQ ORQ1 ORF1
20,Invocation pure,preset,magic,seg6,13600,15,1435.77,10.100,183.2,0,7.8,1242.0,1,0,344,3.10,lattice,6,INQ,INV,core.magic IN01 IN02 IN05 IN04 IN10 IN11 IN06 INQ INQ6 INF2 INK1 INC INV INE2
24,Dominion early,preset,magic,seg2,1200,5,2611.74,20.600,109.0,1,8.1,2700.0,0,0,1218,3.43,lattice,1,,,core.magic DO01 DO02 DO04 DO06
28,Hybrid: Corpse artillery,preset,melee,seg9,16400,20,6491.71,43.900,141.7,0,202.7,5868.0,1,2,962,5.34,lattice,10,EXQ,EXV,core.melee EX01 EX02 EX03 EX04 EX05 EX06 EX10 EXQ EXQ3 EXF2 EXC EXV EXE2 G1 core.ranged OR01 OR03 OR04 MR3
32,Hybrid: Runes and mines,preset,ranged,seg9,18000,22,5088.90,35.300,216.9,0,106.6,4716.0,1,2,1422,2.10,lattice,10,ORQ,ORV,core.ranged OR01 OR02 OR03 OR04 OR09 OR08 OR12 ORQ ORQ1 ORF1 ORC ORV ORE1 G1 core.magic IN02 IN06 IN09 RM7 OR05 OR06
36,Ascendant: Three-Core avalanche,preset,melee,seg12,71000,51,6997.00,44.700,61.9,0,543.7,6072.0,1,2,4038,1.65,gravemarch,15,EXQ,EXV,core.melee EX01 EX02 EX03 EX04 EX05 EX06 EX10 EXQ EXQ3 EXF2 EXC EXV EXE2 G1 core.ranged BR01 BR02 BR04 BR05 BR09 BR10 BR11 BR08 BRQ BRQ4 BRF2 BRC BRV BRE2 MR2 G2 core.magic DT01 DT02 DT03 DT06 DT10 DT08 DT09 DT12 DTQ DTQ6 DTF2 DTC DTV DTE2 MM2 RM5 ASC ASC3
40,Authored: Kill Line,authored,ranged,seg6,12800,15,1241.04,8.900,247.4,0,33.2,996.0,1,0,276,0.92,conduit,6,PRQ,PRV,core.ranged PR01 PR02 PR03 PR04 PR07 PR09 PR12 PRQ PRQ5 PR05 PRF1 PRC PRV PRE1
44,Authored: Loaded Coin,authored,magic,seg6,13600,15,4196.08,32.000,185.8,0,96.6,4080.0,1,1,2591,1.86,conduit,6,DTQ,DTV,core.magic DT01 DT02 DT03 DT06 DT10 DT08 DT09 DT12 DTQ DTQ6 DTF2 DTC DTV DTE2
48,Authored: Death Debt,authored,melee,seg9,20600,26,6359.82,42.000,184.1,0,178.0,5778.0,1,2,2920,2.96,conduit,10,EXQ,EXV,core.melee EX01 EX02 EX03 EX04 EX05 EX06 EX10 EXQ EXQ3 EXF2 EXC EXV EXE2 G1 core.magic DT01 DT06 DT03 DT02 DT10 DT08 DT09 DT12 DTF2 MM2
52,Authored: Three-Core avalanche,authored,melee,seg12,71000,51,6649.21,45.200,74.9,0,538.6,6108.0,1,2,3129,1.49,gravemarch,15,EXQ,EXV,core.melee EX01 EX02 EX03 EX04 EX05 EX06 EX10 EXQ EXQ3 EXF2 EXC EXV EXE2 G1 core.ranged BR01 BR02 BR04 BR05 BR09 BR10 BR11 BR08 BRQ BRQ4 BRF2 BRC BRV BRE2 MR2 G2 core.magic DT01 DT02 DT03 DT06 DT10 DT08 DT09 DT12 DTQ DTQ6 DTF2 DTC DTV DTE2 MM2 RM5 ASC ASC3
56,random melee seg2 #0,random,melee,seg2,3000,8,3334.26,25.500,151.7,1,1.5,3420.0,0,0,132,6.20,lattice,1,,,core.melee BA02 BA06 BA05 BA10 MO08 BA01 BA11
60,random melee seg2 #4,random,melee,seg2,3000,9,475.99,2.800,163.8,1,4.3,456.0,0,0,158,1.84,conduit,1,,,core.melee EX02 BA02 BA05 BA10 BA11 BA06 MO01 EX01
64,random melee seg2 #8,random,melee,seg2,3000,11,2866.15,22.900,134.0,1,23.8,2958.0,0,0,138,6.21,lattice,1,,,core.melee EX02 BA02 MO01 BA01 MO02 EX01 MO04 BA05 BA10 BA03
68,random melee seg2 #12,random,melee,seg2,3000,11,3164.08,25.200,146.0,1,8.7,3204.0,0,0,150,6.80,lattice,1,,,core.melee EX02 BA02 BA01 MO02 MO06 EX01 MO05 MO11 MO01 EX04
72,random ranged seg2 #0,random,ranged,seg2,3000,10,1236.56,10.100,155.5,1,3.5,1302.0,0,0,507,1.00,gravemarch,1,,,core.ranged PR02 BR02 BR05 PR01 PR03 BR06 PR11 PR05 BR01
76,random ranged seg2 #4,random,ranged,seg2,3000,9,1385.30,9.100,119.0,1,15.0,1038.0,1,0,286,2.20,lattice,1,PRQ,,core.ranged PR01 OR02 PR03 PRQ PRQ5 OR05 OR06 BR01
80,random ranged seg2 #8,random,ranged,seg2,3000,10,1231.70,9.900,163.6,1,10.0,1344.0,1,0,590,0.89,gravemarch,1,ORQ,,core.ranged OR01 BR01 BR02 BR05 OR02 OR03 ORQ ORQ6 PR01
84,random ranged seg2 #12,random,ranged,seg2,3000,10,1080.36,7.700,137.7,1,15.3,894.0,0,0,398,0.86,conduit,1,,,core.ranged PR01 PR02 PR03 OR01 PR08 BR02 PR04 PR09 PR05
88,random magic seg2 #0,random,magic,seg2,3000,10,3780.06,30.000,139.9,1,24.8,4176.0,0,0,1879,3.77,conduit,1,,,core.magic DT01 DT04 DT11 IN01 DT03 DO12 IN06 IN03 DO01
92,random magic seg2 #4,random,magic,seg2,3000,10,3336.18,28.800,130.3,1,12.8,3438.0,2,0,1132,3.92,conduit,1,DOQ,,core.magic DO01 DO05 IN01 DOQ IN03 DO06 DOQ4 IN02 DO12
96,random magic seg2 #8,random,magic,seg2,3000,12,4573.38,36.100,122.0,1,10.7,4866.0,0,0,2613,3.77,conduit,1,,,core.magic DO01 DO12 IN02 DO02 DO04 DT02 DOS1 DO09 DT03 DT06 IN01
100,random magic seg2 #12,random,magic,seg2,3000,11,3447.41,26.800,132.0,1,13.8,3714.0,1,0,1482,4.20,conduit,1,INQ,,core.magic IN02 DO01 DT01 DO03 DT02 IN03 DO05 INQ DT06 IN01
104,random melee seg4 #0,random,melee,seg4,8000,19,660.54,4.500,187.1,0,40.3,684.0,0,0,165,3.09,conduit,3,,,core.melee MO02 MO06 pick.M3 BA07 EX02 BA03 MO01 BA02 BA12 MO10 MO09 BA05 MO04 BA06 MO03 BAK2 BA10 BA01
108,random melee seg4 #4,random,melee,seg4,7800,21,4170.37,28.700,0.0,0,186.0,3684.0,1,0,232,7.47,lattice,3,MOQ,,core.melee BA01 MO01 pick.M3 BA04 MO03 EX01 BA08 MO02 MO06 EX04 MO04 MO10 MO08 EX02 BA02 EX05 MOQ BA05 MO07 MOK1
112,random melee seg4 #8,random,melee,seg4,8000,21,3897.46,29.100,0.0,0,198.3,3762.0,1,0,370,6.57,lattice,3,MOQ,,core.melee MO02 MO05 pick.M3 BA01 EX06 EX01 EXQ EX04 EX08 EX02 EXQ7 BA03 MO01 EXQ6 BA02 EX03 EX09 MOQ BA05 EXS1
116,random melee seg4 #12,random,melee,seg4,8000,19,1639.17,10.800,0.0,0,235.8,1392.0,1,0,243,1.48,gravemarch,3,MOQ,,core.melee EX01 EX03 BA02 EXQ pick.M1 BA01 EX02 MO02 EX04 BA04 MO01 EX08 EXK2 MO04 MOQ BAQ BAQ6 MO07
120,random ranged seg4 #0,random,ranged,seg4,8000,19,3065.94,22.800,208.5,1,22.4,2922.0,1,0,1368,1.06,gravemarch,3,BRQ,,core.ranged pick.M3 OR02 PR02 PR06 OR01 PRQ OR06 BR11 BR06 PRQ1 OR04 PRQ6 BR01 ORK2 BRQ BR02 BRQ4 PR01
124,random ranged seg4 #4,random,ranged,seg4,7800,22,2017.34,16.800,203.2,1,14.3,2112.0,1,0,1305,1.20,conduit,3,PRQ,,core.ranged BR02 BR05 BR01 PR01 pick.M2 BR03 BR06 PR03 BR07 PR02 OR02 BR08 PR05 OR10 PR07 PR06 BRQ PR08 BR04 PRQ OR01
128,random ranged seg4 #8,random,ranged,seg4,8000,20,4829.35,38.400,200.0,1,4.5,5154.0,0,0,1846,2.26,lattice,3,,,core.ranged OR01 BR11 pick.M1 OR04 OR02 OR03 OR09 PR01 OR07 BR02 BR05 OR12 BR06 PR02 PR11 PR10 PR05 OR08 PR03
132,random ranged seg4 #12,random,ranged,seg4,8000,21,2449.41,17.100,158.4,1,5.5,2178.0,1,0,1159,1.05,conduit,3,PRQ,,core.ranged PR01 PR02 PRQ pick.M1 PRQ6 PRQ2 PRQ3 PR03 BR01 PR07 PR08 OR01 PR12 PRS2 BR02 OR03 OR02 PR11 BR09 PRS1
136,random magic seg4 #0,random,magic,seg4,8000,21,2882.42,21.700,219.7,1,7.8,2904.0,0,0,3021,5.20,gravemarch,3,,,core.magic DO05 DO01 pick.M2 DT01 DT06 DO03 DT02 DO12 DO07 DT07 DO09 DT04 DT11 DOK1 DT09 DO10 DT05 IN02 DO06 IN01
140,random magic seg4 #4,random,magic,seg4,8000,19,1933.04,12.400,189.2,1,11.3,1668.0,1,0,302,2.73,lattice,3,DOQ,,core.magic DO12 DO09 DO10 DO02 DO05 DO06 DT02 pick.M1 IN01 DT05 DO08 DOK2 DTQ DOQ DOQ6 IN02 IN03 DT01
144,random magic seg4 #8,random,magic,seg4,8000,20,3747.72,26.600,148.4,1,5.2,3402.0,2,0,3207,4.37,conduit,3,DOQ,,core.magic IN01 DO12 IN02 INQ DT02 IN10 pick.M1 DO09 DO02 DT05 DT10 IN04 IN05 DO05 IN09 DO06 DOQ IN06 DO07
148,random magic seg4 #12,random,magic,seg4,8000,21,4251.58,32.600,59.0,1,1.0,4392.0,1,0,1909,4.76,conduit,3,DTQ,,core.magic pick.M3 IN01 DT02 DO01 DO02 DO03 DT05 DT04 DTQ DTQ4 DTQ2 DT06 DT07 IN03 IN05 DTQ5 DO09 DO10 IN02 IN07
152,random melee seg6 #0,random,melee,seg6,16000,33,5381.79,40.100,0.0,0,216.0,5274.0,0,0,452,7.46,lattice,6,MOQ,,core.melee BA01 MO02 MO01 MO04 EX02 MOQ pick.M2 MO03 MO08 MOQ3 MOQ2 BA03 BA04 MOK1 EX01 EX05 BA02 BA06 MOF1 EX12 MO09 EXF1 MO05 MOQ6 BA10 MO12 MO10 MOQ1 EXQ MO06 EX06 MOS2
156,random melee seg6 #4,random,melee,seg6,16000,32,1594.33,10.800,0.0,0,273.0,1458.0,1,0,610,3.15,conduit,6,MOQ,,core.melee BA02 EX02 BA01 MO02 MO01 MOQ MOQ6 MO04 BAQ BAQ3 pick.M1 BA05 BA10 BAQ4 MO07 MOQ1 BA09 BAQ2 MO09 BAQ6 BAQ5 MOQ4 BA11 MO12 MO05 BA04 BA12 G1 core.magic BAS1 DO01
160,random melee seg6 #8,random,melee,seg6,16000,33,5220.61,40.500,128.2,0,109.6,5604.0,1,0,430,8.23,lattice,6,BAQ,,core.melee MO02 BA02 pick.M2 EX02 BA06 BAQ BA05 BA11 BA10 BAQ1 BAQ5 MO01 MO08 MO05 BAK1 MO04 MO09 MO06 EX06 MO10 BAQ6 MOQ G1 core.magic EX03 BAQ3 EX01 MOF1 BAQ4 IN02 DT01 BA01
164,random melee seg6 #12,random,melee,seg6,16000,28,5389.97,38.900,203.9,0,48.4,5034.0,1,0,146,7.96,lattice,6,BAQ,,core.melee EX02 pick.M2 MO01 BA02 BA01 BA06 MO02 BA04 BA09 MO04 MO05 MO03 BA08 BA05 EX01 MOF2 BAC BAA MOQ MOQ4 BAF2 BAQ MOQ6 MO09 BA11 MO08 MOS2
168,random ranged seg6 #0,random,ranged,seg6,16000,33,2876.15,23.100,207.0,0,73.0,2760.0,0,0,1023,1.18,conduit,6,PRQ,,core.ranged OR02 BR01 OR06 OR01 BR11 OR04 PR01 BRQ OR08 BRQ1 BRQ3 PR02 PR03 BR06 BR05 PR06 PRQ PRK1 BRQ7 PRQ2 pick.M2 BRQ4 ORK1 OR03 PRQ5 BRS2 PRQ4 BRK1 BR03 PRQ1 OR07 BR02
172,random ranged seg6 #4,random,ranged,seg6,16000,29,3949.15,27.900,212.4,0,18.6,3552.0,0,0,2256,2.32,lattice,6,BRQ,,core.ranged pick.M2 PR01 BR02 OR02 BR05 OR05 ORQ OR06 BRQ OR10 BR08 OR09 ORQ4 BR03 ORQ3 BRQ4 ORA BRQ2 BR04 G1 core.magic BRQ7 BRK2 OR01 ORQ6 PR03 DO01 PR08
176,random ranged seg6 #8,random,ranged,seg6,16000,29,5268.98,39.200,212.5,1,4.8,5136.0,1,0,2158,2.19,lattice,6,ORQ,,core.ranged pick.M3 PR01 OR02 OR06 BR01 BR04 OR01 BR08 BR02 BRF2 BR05 BR09 BR06 OR05 PR03 PR02 OR04 OR11 BRC PR07 PRQ ORQ BR10 ORQ6 PR06 ORK2 BR11 PRK1
180,random ranged seg6 #12,random,ranged,seg6,16000,31,3176.97,24.800,184.3,0,81.3,3102.0,1,0,1613,2.52,lattice,6,PRQ,,core.ranged BR02 pick.M2 BR01 BR05 PR01 PR03 PRQ PR05 BR06 BR04 PR02 PR07 PR11 PR12 BR03 OR02 BR09 PRC PR04 OR06 ORQ PR06 BR12 BR11 PRS2 ORQ2 PRF2 BRQ ORQ6 BRS1
184,random magic seg6 #0,random,magic,seg6,16000,33,4763.71,32.200,225.2,0,52.8,4458.0,0,0,2229,3.25,gravemarch,6,DTQ,,core.magic DO12 DO05 DT01 DT02 pick.M2 DO01 DTQ IN01 DT06 DTQ6 DO11 DT03 DO09 DTQ3 DT08 DT11 DOQ DOQ5 DT10 DO02 DOQ3 IN03 DTQ4 DT09 DT12 DT05 IN04 DOK1 DO06 DT07 DOQ6 IN02
188,random magic seg6 #4,random,magic,seg6,16000,31,5481.06,44.200,131.8,0,104.2,6066.0,0,0,3226,5.25,conduit,6,,,core.magic DT02 pick.M2 DO01 DT03 DT10 IN02 DO05 DO12 DO06 DT06 DO04 DO02 DO09 IN01 IN05 IN04 DT11 DTK2 DT09 DO07 DOC DTF1 DT05 IN11 DOF1 DO03 DO10 IN12 IN03 INS1
192,random magic seg6 #8,random,magic,seg6,16000,34,6025.39,43.800,108.1,0,153.5,5772.0,2,0,2575,4.37,conduit,6,DOQ,,core.magic IN01 DO01 DT02 DT03 IN06 DO05 DO06 DOQ DTQ DO12 DOQ1 DOQ5 IN03 DTQ3 DT08 INQ INQ6 DO09 DOF1 DT10 DO04 DOQ4 DTQ6 INQ5 IN10 IN02 INQ3 DTQ5 DT01 DT11 DO03 pick.M1 DTS1
196,random magic seg6 #12,random,magic,seg6,16000,33,5313.85,38.300,29.0,1,1.0,5184.0,1,0,2627,5.57,lattice,6,DTQ,,core.magic DO05 DT01 IN01 DT04 DT05 IN02 DT02 pick.M1 DT10 DO01 DT06 INQ IN10 DO02 DT03 DT11 IN06 IN09 IN05 DO07 INF1 IN04 DOK1 INQ6 DOQ IN08 DTQ IN03 DOQ2 DO08 DT07 DO12
200,random melee seg9 #0,random,melee,seg9,32000,46,5988.53,44.300,154.7,0,181.8,6072.0,0,2,314,5.79,lattice,10,EXQ,BAV,core.melee BA02 MO02 MO01 EX02 BA01 MO06 pick.M2 BAQ BA03 MO04 BAQ5 BA05 BAK1 BA08 MO05 MO08 MO09 BA10 BA04 MOS2 MOF1 MO11 BA06 MOQ BAQ1 MO10 BAQ4 BA09 EX01 MOQ2 BAC pick.D2 BAV MOQ3 BAQ3 BA11 MO07 G1 core.ranged EXQ PR01 BA12 EXQ4 BAV1 BAV2
204,random melee seg9 #4,random,melee,seg9,32000,46,6562.02,44.300,154.7,0,183.1,5946.0,1,2,986,5.25,lattice,10,EXQ,EXV,core.melee pick.M3 pick.D3 BA02 MO01 BA01 MO04 EX01 EX02 MO07 BA04 BAQ MOQ BA05 BA07 MO03 EX03 MO12 EX07 BAQ3 MOQ4 BAQ6 EX12 EX10 MO09 EXQ BA10 MOF1 BA12 EX05 EXQ1 EX06 BAQ2 BA09 BAC BAQ4 EXQ5 BA03 EXC MOQ3 BA11 EXQ7 EX09 EXV MOK2 EXS1
208,random melee seg9 #8,random,melee,seg9,32000,60,4678.39,31.800,175.4,0,296.2,4260.0,1,0,1009,1.62,gravemarch,10,BAQ,,core.melee MO02 pick.D1 EX01 BA02 BA05 MO06 MO11 pick.M2 MO05 BA06 MO08 BAQ MO03 BAQ2 BAQ4 MO10 BAQ6 BAQ3 MOQ BA01 MOQ1 MO01 EX12 EX03 MOQ3 MOQ6 MO04 BAQ1 BA04 BA09 EX04 MOQ5 BA11 MO07 BA08 BAQ5 MOF1 EX09 MOK1 EXQ EXQ7 MOK2 EX07 EXQ3 EXF2 EXQ1 BA10 EXE2 EXQ6 EX02 EX06 BA07 EXK1 BAS2 MOQ2 EX10 BA12 MOQ4 BA03
212,random melee seg9 #12,random,melee,seg9,32000,54,5875.59,41.700,122.6,0,204.1,5442.0,1,0,371,8.12,lattice,10,BAQ,,core.melee pick.M2 MO02 BA01 EX02 EX01 pick.D2 MO05 MOQ EX05 BA03 EXQ BA02 MOQ3 BA08 EXQ6 BA06 BA07 MOQ5 EXQ2 MO01 MO06 BAK1 BAQ MO11 MOQ6 BAK2 BA10 BA12 MOQ1 BA09 BAQ6 MOQ4 BAQ5 BAQ2 BA04 MO04 EX06 BAQ1 EXQ7 MOC MO07 MO03 BAA MO10 BA05 MOK1 EXQ3 MOF1 EX04 MO12 BAF2 MOE1 MO08
216,random ranged seg9 #0,random,ranged,seg9,32000,55,5921.71,41.200,195.0,0,128.0,5358.0,0,0,2931,2.48,lattice,10,BRQ,,core.ranged pick.M2 OR02 OR05 BR01 OR10 BR03 BR08 BR07 BR04 BR09 PR07 OR01 BRQ BR06 PR03 pick.D2 PR11 BRK2 OR06 PR01 BRK1 BRQ3 BR11 PR12 BRF2 PR10 OR09 OR12 PR09 ORA ORS2 BRQ2 PR04 OR04 BRQ1 PR06 BRQ4 BR02 ORQ PRQ BRQ5 PR05 PRK2 ORQ1 OR11 ORF1 ORQ6 PR02 BR05 ORK1 OR03 BR12 PRQ2 ORE1
220,random ranged seg9 #4,random,ranged,seg9,32000,53,5987.62,41.500,278.9,0,200.0,5268.0,1,2,1918,1.38,gravemarch,10,ORQ,BRV,core.ranged pick.M2 OR01 BR11 OR02 OR05 PR01 ORQ BR01 PR02 OR03 ORQ4 pick.D1 PR05 BRQ OR10 OR08 PR03 PR08 OR09 BRQ1 OR07 BR03 ORF2 BRQ6 OR04 ORQ2 BRQ5 BRQ7 BR04 BR07 BR08 BR06 BRC BRQ4 OR11 ORK2 BR02 PR06 BR05 PRF1 PRQ PR07 PR11 PRQ5 BR09 BRV OR12 PR10 ORQ7 ORE2 ORS1 BRS2
224,random ranged seg9 #8,random,ranged,seg9,32000,49,3290.81,23.300,215.1,0,137.7,3270.0,2,0,1443,1.62,conduit,10,PRQ,,core.ranged BR01 pick.M1 OR02 PR01 PR02 OR06 PR05 PR06 BR03 pick.D1 PRK1 BR07 BR02 BR06 BR04 BR11 OR05 BRK2 OR10 PRQ BRA OR11 PR03 PR10 BRF2 ORQ PR04 ORK1 PRF2 OR09 PRQ1 ORK2 BRQ BR05 PR08 PRQ2 BR09 PRQ5 ORA ORQ3 BRQ1 ORQ7 BR08 PRK2 BR12 BRQ4 BRQ3 PR09
228,random ranged seg9 #12,random,ranged,seg9,32000,49,6355.46,43.200,268.6,0,99.7,5982.0,0,2,2736,1.60,conduit,10,BRQ,ORV,core.ranged OR01 pick.D3 BR01 pick.M2 OR04 BR02 OR09 BR03 BR06 BRQ BR11 OR12 BRQ5 BR05 ORQ ORQ2 BRQ2 OR07 PR02 BRQ1 BRQ6 ORK2 BR04 ORQ5 OR03 PR01 PR03 PR08 BRQ4 PR06 BRQ3 BR09 PR05 PRF1 ORQ7 ORQ3 ORA BRS2 PRQ BR12 BRF2 ORV PR10 PRQ4 PR04 OR08 PR09 BRK2
232,random magic seg9 #0,random,magic,seg9,32000,46,6283.26,44.300,166.2,0,135.0,6102.0,2,2,1952,4.26,conduit,10,DOQ,INV,core.magic DT01 pick.M1 DO01 IN01 IN02 IN06 DT03 INQ DT02 DO12 IN10 pick.D3 DO05 DOQ DO03 IN09 DOF1 DT06 DO08 IN04 INK1 DTQ DO09 DTQ2 DTK1 INQ6 INQ1 DT07 IN03 INQ5 DOA DTQ3 DT10 DOQ2 INQ2 IN05 INV DO07 INF1 DOQ6 DOQ5 INK2 DT09 IN08 INV3
236,random magic seg9 #4,random,magic,seg9,32000,46,6076.88,43.200,110.0,1,15.1,5838.0,1,2,2211,6.30,lattice,10,INQ,INV,core.magic DO01 IN01 IN05 pick.D3 IN02 pick.M3 IN06 DT01 DT04 DT05 DO03 INQ DT11 INK2 INK1 INQ2 IN11 IN08 IN09 IN07 INQ1 DO05 INQ5 IN12 DO12 IN03 DT02 DOK2 INV DO09 DO11 DT10 DTK1 DO07 DO06 INQ3 DO04 INV2 DO08 DTQ DO10 INV1 DT06 IN10 DOQ
240,random magic seg9 #8,random,magic,seg9,32000,61,5877.21,43.200,203.5,0,149.0,5706.0,0,0,2539,3.03,gravemarch,10,BRQ,,core.magic IN01 DO05 DO07 pick.M2 pick.D1 DO01 DO12 DOQ IN05 DOQ2 DOQ3 DO06 DO02 DOQ6 G1 core.ranged DOQ5 PR02 PR05 BR02 PRQ BR05 IN03 IN04 IN07 BR01 DOC DOF1 DO09 BR03 BRF1 DOA DOQ1 BR08 BR04 PR10 DT05 BR09 DT01 PRQ2 DO04 BRQ IN02 BR06 PR01 BRQ7 BRQ2 PRK1 DT06 DOK1 BRE1 PR03 INK2 DTQ PR07 IN06 PR08 DT02 OR02 PRS2
244,random magic seg9 #12,random,magic,seg9,32000,55,5883.71,43.800,52.8,1,1.0,5856.0,2,0,2354,4.74,conduit,10,INQ,,core.magic DT01 pick.D3 IN02 DO05 DT04 pick.M1 DO07 DO01 DO02 DT11 DT03 DO03 IN01 IN06 IN03 INQ DO09 DO10 INF1 DO12 DT02 DT06 DOF1 DT07 INK1 DO11 IN05 DOA INA IN04 DO08 DOQ DO04 DOQ3 IN09 DOK1 INQ6 IN08 DTQ IN10 DTQ4 INQ3 DO06 DTQ5 DT08 IN11 DOQ4 DTQ3 IN07 INQ5 DTQ2 DOQ6 DOE1 DT05
248,random melee seg12 #0,random,melee,seg12,63876,83,6877.59,44.000,0.0,0,502.0,6162.0,1,2,2179,3.13,conduit,15,MOQ,BAV,core.melee MO01 MO04 pick.P2 EX01 MO02 MO05 MO09 BA02 MO10 pick.M3 BA01 BA04 EX06 BA03 MO06 MO03 MO08 BA07 EX12 EX03 EX10 BA10 BA08 BA06 MO11 BA09 EX07 BA12 EX05 MOQ BAK2 MOF1 EXF2 EX04 BA05 MOK2 EXK1 MOQ2 BAC pick.D3 BA11 EX08 BAQ EX09 EX02 BAS2 BAQ6 BAQ1 BAV MOQ4 MO07 MOQ3 MO12 BAV1 BAQ4 MOK1 EXQ EXS2 EXK2 EXQ4 EX11 BAQ5 MOV EXC BAV2 EXQ1 MOQ5 MOC BAQ3 EXQ3 EXQ6 EXS1 BAF2 BAQ2 MOA MOS2 EXE2 MOQ1 BAK1 BAE2 BAS1 MOS1
252,random melee seg12 #4,random,melee,seg12,64000,95,5890.29,41.800,0.0,0,597.0,5670.0,0,2,2988,1.85,gravemarch,15,MOQ,EXV,core.melee pick.M2 BA02 EX01 EX03 BA06 BAQ EXQ pick.D3 BAQ5 MO02 BAQ1 BA07 EXQ2 EXQ5 EXQ6 EX07 G1 core.ranged MO06 MO10 MO11 MOQ MOQ6 BA08 EXQ4 MOF2 EX04 BA12 OR01 MOQ5 MOQ3 MO08 BA01 OR03 MO07 BA11 EXQ7 OR08 MOE2 EX10 EX02 MO01 BAQ4 MOQ4 EX11 BA03 pick.P3 BA05 BAQ3 ORQ OR07 EX09 EX08 EXQ3 OR12 MO05 OR04 BA10 MO09 OR09 EXC MO04 OR02 ORQ5 ORQ4 BAQ2 BR02 EXF2 BAA ORQ6 BAQ6 PR02 MOS1 MO03 EX05 ORS1 EXV ORC EX12 OR10 EX06 ORV MOQ2 OR06 ORQ7 ORK1 BR06 BR01 MOC OR05 EXK2 PR01 PR03 EXE2
256,random melee seg12 #8,random,melee,seg12,63952,83,6817.34,45.300,60.2,0,430.1,6264.0,1,2,1214,4.45,lattice,15,BAQ,BAV,core.melee pick.M3 BA02 MO02 BA06 MO01 EX02 BAQ MO06 pick.D2 BAQ5 BA05 MO11 MO08 MOQ pick.P3 MOQ6 MO03 MOF1 BAQ1 MO05 MO10 MO07 BAQ3 MOQ5 MOA MOQ2 BA01 MO09 BA04 BA08 EX01 BAF2 EX12 BA03 EX04 EX09 EXQ BA09 BA07 BA12 BAK1 MOQ1 BAV BAQ4 MOK2 EX10 EXQ5 EX06 BA10 MOV MOV1 EX08 MOQ3 BAV3 EXQ7 EXQ4 EX05 EX03 MOS1 MO04 BAQ6 BAK2 MOV3 BA11 EXF1 EXQ6 BAC EX11 MOS2 MOQ4 MOC MO12 BAQ2 EX07 BAV2 MOK1 MOE1 BAS2 EXQ3 EXS1 BAE2 BAS1
260,random melee seg12 #12,random,melee,seg12,64000,78,6717.85,45.300,50.8,0,356.3,6258.0,1,2,2336,4.52,lattice,15,BAQ,MOV,core.melee pick.P1 EX02 pick.D1 EX01 MO01 EXQ EX08 MO04 EXQ5 EX05 EXK2 MO07 EXQ3 BA01 BA03 EX11 MOQ EXQ2 pick.M3 BA07 BA12 EXF1 BAQ BA04 BAQ5 G1 core.ranged EXQ6 BAF1 EX12 MOQ1 MOQ4 BA09 MO02 EXQ7 BR01 BAQ1 MOQ2 BAK1 OR02 BR02 MO09 MO03 MO12 PR02 EXV BRQ BAA EX10 EX03 MO08 MOK1 MO11 BRQ4 BR06 MOQ3 MR5 BAQ2 BAV EX09 EXA PR01 BA08 BA02 EXC BAV1 PR03 BR11 MOV MOC BRQ3 PR05 EX04 EX06 OR01 BA05 BAQ4
264,random ranged seg12 #0,random,ranged,seg12,64000,85,6256.62,41.500,199.7,0,328.5,5658.0,0,2,2907,2.48,lattice,15,BRQ,BRV,core.ranged PR02 pick.D1 OR01 pick.P2 PR06 BR02 OR04 PR05 PRQ OR03 OR08 ORQ PR10 pick.M2 PRQ5 PRQ2 ORQ3 ORQ1 BR06 PRQ3 BRQ BR11 PRF2 ORQ5 BRQ7 OR09 ORQ4 BRQ3 ORA PRQ4 PR07 BR01 BR05 BRK1 ORK1 BRF2 OR11 BRQ4 PRK2 BR03 PRE2 ORV OR12 ORQ6 PR11 BR09 BRQ6 BRQ5 BR07 BR04 ORF2 BRQ1 PRQ6 ORV3 OR07 BR10 BRE2 OR02 BRC PRQ1 BRQ2 G1 core.magic OR06 BRK2 ORV1 BR08 BRV BRV2 DO12 DO09 DT01 DO10 ORC DT06 DOQ OR05 DOQ3 DO01 PR03 DOQ6 DOQ1 OR10 DOQ2
268,random ranged seg12 #4,random,ranged,seg12,63876,75,5764.08,38.000,354.6,0,121.2,5046.0,0,1,1958,1.37,conduit,15,PRQ,BRV,core.ranged pick.P2 OR02 OR01 OR03 OR04 ORQ BR01 OR05 PR02 OR06 BR04 ORF2 ORQ5 ORQ7 OR07 pick.M2 pick.D2 BR02 BR08 BR09 ORQ3 PR01 BR07 OR08 PR06 BR11 PRQ OR10 ORQ1 BR06 PR07 BRC BR03 PR03 BRQ BRQ2 PRQ6 BRQ3 PR08 BRA BRQ7 PR05 OR11 BRF1 BRS2 PRF2 PRQ1 ORK2 PRQ5 ORQ6 ORV PRA PR12 PRQ4 BRV BRV3 PRE2 PR04 BR05 BRV2 BRQ4 PRQ2 ORQ4 PRC BRV1 BRQ1 PR09 BRK2 ORV1 PRK2 OR09 PRV ORS1 BRE1
272,random ranged seg12 #8,random,ranged,seg12,64000,90,5795.20,39.500,320.9,0,77.1,5256.0,1,2,2151,1.37,conduit,15,PRQ,BRV,core.ranged OR02 PR01 OR05 pick.M3 OR06 OR01 OR11 ORQ BR01 OR03 ORQ2 ORQ6 OR08 PR03 PR02 pick.D1 ORQ4 PR05 PR06 G1 core.magic PRK1 OR07 PR04 IN01 ORQ7 PRF2 ORK2 ORQ3 BR02 DT02 OR12 PR09 ORF1 PR08 PR11 BR04 BR03 ORV OR10 BR06 BRK1 IN03 IN02 pick.P3 DT01 IN04 IN05 BR08 DTQ BR11 OR09 IN10 DO05 ORA DO07 INQ INK1 DT03 PRK2 BRF1 PR07 DT06 PRQ DT10 PRQ6 PRQ1 BRC BR07 DT09 DO12 BR05 PR12 BRV DO08 IN06 IN09 PRC INC DT04 IN08 BR09 BR10 DO11 PRQ5 DO03 ORS1 PRS1 BRS2
276,random ranged seg12 #12,random,ranged,seg12,64000,86,6606.65,45.100,149.0,0,344.0,5904.0,0,2,2710,1.42,gravemarch,15,BRQ,PRV,core.ranged pick.D3 pick.M2 BR01 OR02 BR03 BRQ PR02 PR06 BRQ4 BR08 pick.P2 BR07 OR01 BRQ1 BRQ7 PR01 PR03 BR06 OR03 PR04 PRQ PRQ6 PR11 BR02 OR08 PR09 BR11 PR05 PRQ3 BRK2 PRF2 PR07 BR04 PR12 PRQ4 PRK1 ORQ BRC ORQ4 G1 core.magic BRQ5 DO12 IN02 BRV ORQ1 IN01 BRV1 BRF1 IN05 IN11 PRV ORQ6 DO01 OR10 IN06 BRQ6 BRA PR10 PRV1 IN08 ORQ7 IN07 INQ RM3 DT02 PRE2 IN03 INQ3 INQ6 OR06 PRQ1 OR07 INA INQ5 OR04 DT11 DO02 RM4 DO05 DTQ OR11 PRK2 OR12 DTQ6
280,random magic seg12 #0,random,magic,seg12,64000,80,8113.43,44.300,60.2,1,1.0,5958.0,0,2,2064,3.30,gravemarch,15,INQ,DOV,core.magic DO12 pick.D3 DT02 IN02 DO05 DO07 pick.M2 DO09 DO03 DOK2 DT03 IN03 DO06 DO02 IN01 DO11 DO10 INQ DOF2 DOS2 DO01 DOC DOQ DOV DTQ DOQ1 IN06 DT08 DTQ5 DT01 pick.P1 DO04 DT06 DOV1 DT07 DTQ2 DO08 DT05 INQ5 INQ3 IN05 INQ2 DT11 INQ4 IN07 DOQ6 IN08 DTA IN10 IN04 IN11 INQ6 DT10 DT04 DT12 DTF1 INK2 IN09 INK1 DOK1 DOQ2 DOV2 INF1 INV DTQ4 DTK1 DOA INA DOQ5 DOQ3 IN12 INV1 DOQ4 DTQ3 DTE1 DOE2 INV2 DTS1 INS2
284,random magic seg12 #4,random,magic,seg12,64000,93,8518.96,45.000,71.9,0,453.4,5826.0,0,2,3953,5.14,gravemarch,15,INQ,INV,core.magic pick.M2 DT01 pick.P2 DT02 DT04 DO12 IN01 pick.D1 IN03 DT10 DO05 IN04 DTS1 DT11 DT05 DT03 IN05 DO09 DOQ DO10 DO11 DOK1 DTQ DTQ5 DT08 DO01 DO04 DOF2 IN10 DO06 DO02 DT06 DO07 DTQ4 IN06 IN11 INK1 INS2 DO03 IN09 INF1 IN08 DTK1 INC INQ INQ4 INV G1 core.ranged DOS2 IN12 BR02 OR02 BR06 OR05 DT07 OR10 INS1 OR11 ORK1 ORQ BR05 DOK2 OR08 INV1 OR06 IN02 PR01 DOA DO08 DTQ6 INK2 DTV PR03 PR11 IN07 OR03 OR01 DTQ2 DOQ5 RM1 OR12 DT09 DTF1 PR04 DTE1 BRQ DT12 ORF2 BR01 DOE2 DOS1
288,random magic seg12 #8,random,magic,seg12,63876,75,6270.77,41.300,121.9,0,425.6,5382.0,1,2,1814,3.04,gravemarch,15,DOQ,INV,core.magic IN01 DT02 DT01 pick.P2 DT04 DT03 DT10 DT06 DO12 DO09 DT05 IN02 DTK2 DOQ DO08 DOQ1 DT11 DTQ DOQ2 DO06 DO04 DTQ3 DOF2 DT07 DO02 DO11 IN06 DOK2 DOS1 IN09 DOQ4 IN05 DO05 IN11 DTQ1 INF1 IN03 DO01 pick.D2 DOV INK1 IN04 pick.M3 IN10 DO03 INQ DO10 DT09 DTC INQ3 DTV IN12 DTV2 INQ2 INQ6 DOQ3 DTK1 DOQ5 INQ1 DOV1 DO07 DTA DTS2 IN07 DOV2 INV DTV3 DTQ4 DOK1 IN08 DTQ6 DTQ2 INV2 DOE2
292,random magic seg12 #12,random,magic,seg12,64000,82,7702.01,44.800,69.1,0,256.9,6372.0,1,2,2722,4.51,conduit,15,DOQ,INV,core.magic pick.M2 DO01 pick.P3 pick.D1 IN02 DO05 DO02 DO03 DT01 IN03 DO12 DO06 DO08 DO11 IN06 DT03 DT06 DT02 IN09 DOK2 DT04 DOA DT05 DO09 DTA DOK1 DT07 INF1 DO04 DTF1 DTQ DTQ2 DO07 IN12 IN08 DO10 DT08 DTK1 DOF2 DTQ1 IN04 INK1 INQ DTK2 INQ4 INQ3 DOC IN05 IN07 DT09 IN10 IN11 DTQ6 INQ2 G1 core.ranged IN01 INQ6 INQ5 DOQ OR01 INA PR01 PR03 DOV DOS2 BR11 PR07 RM1 DOQ5 DOQ4 PR08 PR04 INV DT10 DOQ3 DOV2 INC DOE2 BR02 BR01
1,Execution developed,preset,melee,seg4,4800,11,2934.76,23.300,45.7,0,146.9,3084.0,1,0,1716,2.83,conduit,3,EXQ,,core.melee EX01 EX02 EX03 EX04 EX05 EX06 EX10 EXQ EXQ3 EXF2
5,Momentum pure,preset,melee,seg6,12800,14,2126.60,15.300,0.0,0,303.0,2118.0,1,1,150,1.14,gravemarch,6,MOQ,MOV,core.melee MO01 MO02 MO03 MO04 MO07 MO12 MOQ MOQ1 MOF1 MOK1 MOC MOV MOE1
9,Precision early,preset,ranged,seg2,1000,5,886.60,6.900,166.9,1,3.6,708.0,0,0,0,0.77,gravemarch,1,,,core.ranged PR01 PR02 PR03 PR04
13,Barrage developed,preset,ranged,seg4,6000,12,1277.61,9.500,162.7,1,15.7,1200.0,1,0,1249,0.99,conduit,3,BRQ,,core.ranged BR01 BR02 BR04 BR05 BR09 BR10 BR11 BR08 BRQ BRQ4 BRF2
17,Ordnance pure,preset,ranged,seg6,13600,15,4566.99,34.400,241.1,1,7.7,4800.0,1,2,1945,1.09,conduit,6,ORQ,ORV,core.ranged OR01 OR02 OR03 OR04 OR09 OR08 OR12 ORQ ORQ1 ORF1 ORK1 ORC ORV ORE1
21,Distortion early,preset,magic,seg2,1000,5,1290.46,10.500,126.5,1,16.6,1428.0,0,0,446,1.83,conduit,1,,,core.magic DT01 DT02 DT03 DT06
25,Dominion developed,preset,magic,seg4,5600,12,4729.53,35.200,187.1,1,10.4,4656.0,1,0,2392,3.01,conduit,3,DOQ,,core.magic DO01 DO02 DO04 DO06 DO05 DO07 DO08 DO11 DOQ DOQ6 DOF1
29,Hybrid: Death Debt,preset,melee,seg9,20600,26,5542.21,40.700,139.6,0,280.9,5400.0,1,2,2725,2.70,conduit,10,EXQ,EXV,core.melee EX01 EX02 EX03 EX04 EX05 EX06 EX10 EXQ EXQ3 EXF2 EXC EXV EXE2 G1 core.magic DT01 DT06 DT03 DT02 DT10 DT08 DT09 DT12 DTF2 MM2
33,"Hybrid: Kill Feed, ranged side",preset,ranged,seg9,18000,21,1770.00,13.100,234.6,0,35.1,1710.0,1,0,1198,0.99,conduit,10,BRQ,BRV,core.ranged BR01 BR02 BR04 BR05 BR09 BR10 BR11 BR08 BRQ BRQ4 BRF2 BRC BRV BRE2 G1 core.melee EX01 EX03 EX10 MR2
37,Authored: Blood domino,authored,melee,seg6,12000,14,6158.81,43.600,195.5,0,50.5,6072.0,1,2,1104,6.58,lattice,6,EXQ,EXV,core.melee EX01 EX02 EX03 EX04 EX05 EX06 EX10 EXQ EXQ3 EXF2 EXC EXV EXE2
41,Authored: Bullet Hell,authored,ranged,seg6,13200,15,1680.09,13.300,182.0,0,90.0,1608.0,1,1,932,0.94,gravemarch,6,BRQ,BRV,core.ranged BR01 BR02 BR04 BR05 BR09 BR10 BR11 BR08 BRQ BRQ4 BRF2 BRC BRV BRE2
45,Authored: Mass Grave,authored,magic,seg6,12800,15,5926.53,40.600,210.5,0,67.5,5448.0,1,2,5093,2.03,gravemarch,6,DOQ,DOV,core.magic DO01 DO02 DO04 DO06 DO05 DO07 DO08 DO11 DOQ DOQ6 DOF1 DOC DOV DOE1
49,Authored: Stormwire,authored,ranged,seg9,20600,24,4373.55,30.100,244.0,0,119.0,4200.0,1,1,5339,1.20,conduit,10,BRQ,BRV,core.ranged BR01 BR02 BR04 BR05 BR09 BR10 BR11 BR08 BRQ BRQ4 BRF2 BRC BRV BRE2 G1 core.magic DO05 DO07 DO01 DO02 DO06 DOA RM6
53,"Route: Kill Feed, ranged side",route,ranged,seg9,18000,21,2437.51,18.400,163.5,0,210.1,2400.0,1,1,1168,0.96,gravemarch,10,BRQ,BRV,core.ranged BR01 BR02 BR04 BR05 BR09 BR10 BR11 BR08 BRQ BRQ4 BRF2 BRC BRV BRE2 G1 core.melee EX01 EX03 EX10 MR2
57,random melee seg2 #1,random,melee,seg2,3000,10,1335.79,9.500,170.5,1,9.1,1038.0,1,0,189,1.15,gravemarch,1,BAQ,,core.melee MO02 BA01 BA03 MO05 EX01 BAQ EX04 EX02 BA07
61,random melee seg2 #5,random,melee,seg2,3000,9,1274.10,9.900,170.5,1,8.9,1242.0,0,0,162,1.29,gravemarch,1,,,core.melee EX02 MO01 MO03 BA01 MO02 MO06 MOK1 MO05
65,random melee seg2 #9,random,melee,seg2,3000,9,440.28,2.700,150.4,1,11.5,396.0,0,0,149,1.54,conduit,1,,,core.melee MO01 MO04 MO09 BA01 MO12 BA02 BA06 MO02
69,random melee seg2 #13,random,melee,seg2,3000,10,1318.15,8.400,175.7,0,22.8,1110.0,1,0,188,1.25,gravemarch,1,BAQ,,core.melee MO01 BA02 BA01 MO04 BAQ BAQ2 BA05 EX01 EX02
73,random ranged seg2 #1,random,ranged,seg2,3000,8,420.94,2.500,120.0,1,15.3,384.0,1,0,80,0.97,conduit,1,ORQ,,core.ranged PR01 OR02 OR05 ORQ OR10 ORQ5 BR02
77,random ranged seg2 #5,random,ranged,seg2,3000,9,889.58,7.400,138.3,1,13.4,960.0,1,0,561,0.95,conduit,1,BRQ,,core.ranged OR01 BR02 PR01 BR05 BR06 BRQ OR03 BRQ2
81,random ranged seg2 #9,random,ranged,seg2,3000,10,1520.48,11.500,138.9,1,18.5,1440.0,1,0,497,2.15,lattice,1,PRQ,,core.ranged PR02 PR01 PR03 PR05 BR01 PRQ BR02 PRQ3 OR01
85,random ranged seg2 #13,random,ranged,seg2,3000,9,1316.09,10.000,131.0,1,7.3,1386.0,0,0,610,2.15,lattice,1,,,core.ranged OR02 OR05 PR02 OR10 BR01 OR11 PR01 BR04
89,random magic seg2 #1,random,magic,seg2,3000,10,1113.37,8.000,133.5,1,21.4,1056.0,1,0,357,1.28,gravemarch,1,DOQ,,core.magic DO05 DO12 IN02 DO03 IN06 DOQ IN03 DT01 DT04
93,random magic seg2 #5,random,magic,seg2,3000,10,1322.89,9.600,158.1,1,8.8,1182.0,0,0,1353,2.86,gravemarch,1,,,core.magic DO05 DT01 IN02 DT04 DO07 DT11 IN06 DT05 DT02
97,random magic seg2 #9,random,magic,seg2,3000,10,923.51,6.800,133.5,1,12.9,888.0,1,0,467,1.31,gravemarch,1,DTQ,,core.magic DT02 DT01 IN02 DT04 IN01 IN03 DT03 DTQ IN04
101,random magic seg2 #13,random,magic,seg2,3000,10,2976.83,25.700,142.7,1,17.2,3690.0,1,0,1591,3.96,lattice,1,DOQ,,core.magic DO12 DO09 DT01 DOQ DO01 DOQ2 DT06 DT02 IN02
105,random melee seg4 #1,random,melee,seg4,8000,20,1755.29,13.000,204.7,0,44.8,1650.0,1,0,228,1.17,gravemarch,3,BAQ,,core.melee BA02 pick.M3 EX01 EX04 BA01 EX08 BAQ BAQ4 BAQ3 BAQ2 BA04 BA08 MO01 BAQ1 BA05 MO04 BA03 BAF2 MO02
109,random melee seg4 #5,random,melee,seg4,8000,18,4873.43,37.100,186.0,1,20.0,5112.0,1,0,492,6.63,lattice,3,EXQ,,core.melee MO02 MO06 EX01 MOQ EX04 MOQ5 MO07 EX02 EXQ EXQ1 MOQ2 EX03 EX05 EXQ3 EX08 EX12 pick.M1
113,random melee seg4 #9,random,melee,seg4,8000,21,4844.28,34.200,216.7,1,8.0,4596.0,0,0,420,7.96,lattice,3,EXQ,,core.melee pick.M2 EX02 BA01 BA02 EX01 BA06 BAQ BAQ4 BA07 EX05 BA11 BA04 BA08 MO02 MO05 EXQ EX06 EX12 BA05 MO01
117,random melee seg4 #13,random,melee,seg4,8000,21,4168.61,31.700,161.6,0,24.4,4326.0,1,0,189,8.48,lattice,3,BAQ,,core.melee pick.M1 MO01 MO02 EX02 BA01 BA03 BAQ BA02 MO05 BA05 MOQ EX01 MOQ6 MOQ4 BA06 EX03 EX04 BA10 MO08 MOQ2
121,random ranged seg4 #1,random,ranged,seg4,8000,22,2196.44,16.800,174.5,1,0.2,2064.0,1,0,955,2.22,lattice,3,BRQ,,core.ranged PR01 OR02 pick.M1 BR02 BR06 BRQ OR01 OR06 BR05 BRQ6 OR04 OR05 PR02 G1 core.magic BR01 BRQ1 DO05 OR10 IN01 DO01
125,random ranged seg4 #5,random,ranged,seg4,8000,19,1806.16,12.400,171.0,1,0.6,1710.0,1,0,426,2.21,lattice,3,ORQ,,core.ranged OR01 PR01 pick.M1 OR04 ORQ OR09 OR10 OR08 OR03 PR03 PRQ OR02 PR05 PR06 BR01 PRQ1 PR04 ORF2
129,random ranged seg4 #9,random,ranged,seg4,8000,20,1989.30,15.000,152.7,1,10.6,1932.0,1,0,1331,1.19,conduit,3,ORQ,,core.ranged BR01 pick.M2 OR02 BR04 BR08 BR07 PR01 OR01 OR05 OR06 ORQ PR03 ORQ1 PRQ BRF2 BR03 BR09 PRQ5 PR02
133,random ranged seg4 #13,random,ranged,seg4,8000,18,2946.74,21.300,169.9,1,0.3,2706.0,1,0,1154,2.31,lattice,3,ORQ,,core.ranged PR01 OR01 BR01 pick.M2 OR04 BR03 BR11 ORQ ORQ2 ORQ3 BR06 BRK1 ORQ5 BRF1 OR03 PR02 PR03
137,random magic seg4 #1,random,magic,seg4,8000,18,1250.62,9.400,167.6,1,8.0,1236.0,1,0,521,1.64,conduit,3,DTQ,,core.magic DT01 IN02 IN06 DO12 INQ DT06 DT03 IN09 IN08 INQ2 DO09 DO02 DTQ INK1 DT04 DT02 pick.M1
141,random magic seg4 #5,random,magic,seg4,8000,19,3982.04,26.500,125.5,1,16.2,3828.0,0,0,2125,3.38,gravemarch,3,,,core.magic DO01 DT01 DO03 IN02 IN03 DT06 DO02 DT03 DT05 DT02 DO09 DO04 DTA DT11 IN04 DT07 DO12 pick.M1
145,random magic seg4 #9,random,magic,seg4,8000,20,6281.43,43.800,131.4,0,17.0,6156.0,1,0,1947,4.18,conduit,3,DOQ,,core.magic pick.M3 DO05 DO12 DT01 DT04 DT05 DO09 DT11 DO02 DO06 DT06 DOK2 DOQ DO03 DOQ3 IN02 DO08 DT02 DO01
149,random magic seg4 #13,random,magic,seg4,8000,16,6815.64,42.500,93.7,1,6.8,5730.0,1,0,1944,5.97,lattice,3,INQ,,core.magic pick.M3 IN02 DO01 DT02 IN01 IN06 INQ DO02 DT05 DT04 IN05 INK2 DO12 IN09 INA
153,random melee seg6 #1,random,melee,seg6,16000,33,6655.15,40.200,205.7,0,73.9,5328.0,1,0,631,7.06,lattice,6,EXQ,,core.melee BA02 EX01 EX02 EXQ MO02 BA05 EX08 EX05 BAQ BA06 BAQ1 EXQ5 EXQ3 pick.M3 BAQ5 EX12 BAQ3 EX04 BAQ6 EX06 MO06 BA11 EXQ6 MO03 BA07 EXF1 BA01 BA12 MO08 BAQ2 MOQ MO05
157,random melee seg6 #5,random,melee,seg6,16000,30,3829.44,24.600,0.0,0,303.0,3354.0,0,0,1004,1.65,gravemarch,6,MOQ,,core.melee MO01 MO04 MOQ EX02 MO03 EX01 MO02 EX12 MOQ1 MOF1 EXQ MO08 MO11 EX06 EXQ6 EX05 MO12 pick.M2 EX04 EX09 EX03 MO09 EXQ3 EX11 MOQ2 MOK2 MOQ3 EX07 MO10
161,random melee seg6 #9,random,melee,seg6,16000,33,2730.84,18.100,0.0,0,285.0,2484.0,1,0,447,1.33,gravemarch,6,MOQ,,core.melee MO02 MO05 BA01 BA04 BAQ MO10 MO08 BA07 BA10 MOF2 BAQ1 BA03 MOQ EX01 EX04 MOQ1 BA08 BA02 EX06 pick.M3 BAQ4 EX02 MO09 BA05 MOQ3 BAK1 BAF1 MOQ6 MOQ5 EX03 MO03 EX07
165,random melee seg6 #13,random,melee,seg6,16000,31,809.94,5.100,132.2,0,128.8,654.0,1,0,194,2.98,conduit,6,BAQ,,core.melee pick.M3 BA02 MO01 MO02 MO06 MO03 MO08 MOQ BA05 MO10 MO04 BA06 BA07 BAQ MOQ4 MOQ2 BAQ2 MOQ3 BAQ4 MOQ6 MO07 BA10 BA01 MO12 MOK1 BA08 BAQ3 BAK1 MO05 BA11
169,random ranged seg6 #1,random,ranged,seg6,16000,34,3884.92,29.000,193.1,0,66.6,3654.0,1,0,1847,1.20,gravemarch,6,BRQ,,core.ranged BR01 OR02 OR06 pick.M1 OR01 BR02 BRQ BRQ1 OR05 BR11 PR01 OR04 OR08 PR02 PR06 PRQ BRQ5 BRQ6 PR03 BR04 PRK1 BRQ2 BR03 BRF2 ORQ OR03 BR07 ORQ6 PRQ1 OR11 PR08 BRQ4 PR04
173,random ranged seg6 #5,random,ranged,seg6,16000,35,3205.32,23.200,204.9,0,51.2,3084.0,2,0,1542,2.54,lattice,6,PRQ,,core.ranged pick.M3 PR02 PR01 PR03 BR01 PRQ PR05 PR04 BR02 OR02 PRF2 G1 core.melee OR01 BA01 BA02 PR10 PR11 ORQ PRQ3 PRQ1 PR09 PR08 BAQ BR05 BAQ6 BA07 PR06 ORQ7 BR04 EX02 BR11 ORQ2 BRS2
177,random ranged seg6 #9,random,ranged,seg6,16000,32,3607.78,22.300,258.4,0,25.3,3036.0,2,0,1822,1.32,conduit,6,ORQ,,core.ranged OR01 PR02 OR04 BR01 PR01 PR05 OR08 OR03 BR04 PR03 OR09 BR11 ORQ ORQ2 PR06 ORF2 pick.M3 PR07 PRF1 PR12 OR07 PR09 PR04 ORQ6 ORQ4 BR09 PRS2 PR10 OR10 OR12 ORQ5
181,random ranged seg6 #13,random,ranged,seg6,16000,33,3664.38,25.200,158.6,0,129.4,3372.0,1,0,1515,1.62,gravemarch,6,ORQ,,core.ranged PR01 BR01 PR03 BR04 PR08 OR01 BR11 PRQ PRQ6 PR04 BR02 BR06 PR11 BRQ PRK1 OR03 PR05 PRQ2 BRQ1 PR10 pick.M2 BRQ3 PRF1 BRS1 OR04 PRQ1 PRQ3 PRQ4 ORQ PR06 BR08 BRS2
185,random magic seg6 #1,random,magic,seg6,16000,33,5685.52,35.200,175.3,0,100.0,4584.0,1,0,2373,3.48,gravemarch,6,DTQ,,core.magic DO12 pick.M3 DO05 DOQ IN01 IN05 DT02 DOQ1 DT10 DOQ6 DT01 DO11 DT03 IN11 DO01 IN10 IN04 DOF1 DO03 DT06 DT07 DOQ4 DO07 DT09 DT04 IN06 DT05 DTQ DO02 DOK1 IN12 IN07
189,random magic seg6 #5,random,magic,seg6,16000,33,6645.75,45.700,116.2,1,1.9,6006.0,1,0,2602,3.47,gravemarch,6,DOQ,,core.magic DO01 DO12 DO02 DO04 DT01 DO03 IN01 pick.M3 IN03 IN02 IN05 INK2 IN04 DO05 DT06 IN06 DT02 DO11 DT05 DT03 INQ DOK2 INQ2 INQ6 DOQ DT09 DOF1 IN07 DT10 DOQ5 DO08 INQ1
193,random magic seg6 #9,random,magic,seg6,16000,33,4681.27,31.200,219.6,0,38.8,4206.0,0,0,3712,6.71,conduit,6,DTQ,,core.magic IN02 DT02 DT10 DO05 pick.M2 DO01 DO03 DT03 DTQ DTQ4 DTQ5 IN01 DO07 DOK1 DO09 INQ INQ3 DO12 IN10 DO08 IN04 IN03 DO10 DOF2 IN05 DTQ2 IN06 DO04 DT06 IN11 DT11 DOS2
197,random magic seg6 #13,random,magic,seg6,16000,24,5943.61,38.000,218.5,0,75.4,5340.0,0,2,5173,5.88,conduit,6,DTQ,DOV,core.magic DO01 DO05 DO06 DO03 DO12 IN01 pick.M2 DO07 IN02 INQ IN03 INQ5 DO11 DO10 DOC DT02 DT01 INQ2 DTQ DO02 DT06 DO08 DOV
201,random melee seg9 #1,random,melee,seg9,31876,44,7503.63,43.800,91.4,0,233.3,5874.0,1,2,1282,5.37,lattice,10,BAQ,EXV,core.melee EX01 BA01 pick.D2 EX02 EX05 EX06 EXQ EX04 pick.M2 EXQ5 BA04 EXK1 MO01 EX09 BA03 BA07 EXQ3 EX08 MO02 EXS1 BAF1 MO03 EX10 EXQ1 BAQ MO08 MOQ EXC BA09 BAQ6 BA10 EX03 BAC EXF1 EXQ6 BAQ5 MO06 MO07 MOA MOQ5 BA02 EXV EX07
205,random melee seg9 #5,random,melee,seg9,32000,53,5366.74,36.700,141.5,0,218.1,4632.0,1,0,2073,2.48,conduit,10,EXQ,,core.melee pick.M3 pick.D1 EX01 BA01 BA03 BA02 BA06 BA08 MO02 BA11 BA04 BAK2 BA09 BA05 MO06 MO11 BAS1 MO01 BAQ BA12 EX04 MO10 BAQ6 BA07 MO08 EX03 EX06 BAK1 MOQ BAF1 MO07 MOA MOF2 MO09 EX08 EX09 MO04 EXK1 MOQ2 MOK2 EX05 BAS2 EXQ BAQ5 MOQ6 EX10 MO03 EXC EXQ6 BA10 MOE2 MOS2
209,random melee seg9 #9,random,melee,seg9,32000,49,3619.46,23.300,183.5,0,302.4,3132.0,0,1,571,1.47,gravemarch,10,EXQ,MOV,core.melee pick.M2 pick.D1 MO02 MO05 BA01 EX02 MOQ MOQ4 BA04 MO10 MOQ5 MO06 MO08 EX01 MO07 EX06 EXQ MOQ6 EXQ4 MO03 MO09 BAQ MOK2 BAQ2 BA09 BAQ1 EXQ3 EX03 EXQ6 MOV BA07 EX07 BA03 BA10 MOV3 MOK1 MOQ2 BA11 MO11 MOF1 EXK2 EX04 BA08 BA02 BA05 EXQ2 EX08 BAQ3
213,random melee seg9 #13,random,melee,seg9,32000,49,6786.28,44.100,129.1,0,150.3,6378.0,1,2,563,6.90,lattice,10,BAQ,MOV,core.melee pick.M2 BA02 BA05 BAQ BA06 pick.D1 BAQ6 BA11 BA07 EX01 MO01 BA08 EX02 BA01 EX05 BA12 MO03 BAQ2 MO07 MO08 BAQ4 EX04 MO11 EXK1 MOQ MOA MO04 EX11 EX12 EXS2 MOK1 EXS1 MOQ2 BA03 EX09 EXQ EXQ2 BAQ1 BAQ5 BA10 EXQ3 MO12 EX10 MOQ6 MOQ3 MOV EXQ5 BA04
217,random ranged seg9 #1,random,ranged,seg9,32000,49,4971.14,31.400,228.2,0,106.3,4128.0,1,1,2011,1.25,gravemarch,10,ORQ,BRV,core.ranged BR01 BR04 pick.D1 BR08 BR02 OR02 BR03 PR02 BRF2 BR09 BRC BR11 OR05 OR06 BR06 ORQ OR07 OR10 ORQ5 ORQ7 PR01 BRQ PR11 OR03 BRV PR10 OR11 ORQ3 G1 core.melee pick.M1 ORF1 BA01 ORQ1 EX02 BR05 BA02 PRQ PRQ1 BRV1 PR03 BRK2 BR07 OR09 BA06 BR10 ORQ4 ORE1
221,random ranged seg9 #5,random,ranged,seg9,32000,55,5614.64,36.500,179.7,0,118.4,5148.0,1,0,2719,1.37,conduit,10,BRQ,,core.ranged BR02 pick.M3 OR01 BR06 pick.D1 BRQ BRQ6 PR02 OR03 BR01 BRQ5 OR04 OR08 PR06 OR09 BR03 ORQ OR02 BR11 BR05 BR08 PRQ BR04 OR12 OR05 PR05 OR11 ORQ3 BRQ3 PRQ2 BR09 PR11 PRF1 BRQ7 BRQ1 PR01 PR10 BR07 OR10 BRF2 BR10 ORQ6 OR06 BRC PRK2 BRK2 PRK1 OR07 PRQ5 PRQ3 PRS2 G1 core.melee PR07
225,random ranged seg9 #9,random,ranged,seg9,32000,52,5523.94,39.100,251.3,0,159.0,4770.0,0,2,1923,1.27,gravemarch,10,PRQ,PRV,core.ranged PR01 pick.D1 OR02 PR02 OR05 PRQ pick.M2 PRQ4 OR10 PR05 PRQ6 PR10 OR09 OR04 PR06 OR06 ORQ OR12 ORF1 ORK2 PRS2 PR03 PR11 ORQ5 OR01 OR03 PR09 ORQ2 PR04 BR11 OR11 PRK2 OR08 PR07 PRQ1 PRQ2 PRF2 BR08 BR03 ORK1 ORQ7 BR04 OR07 BR06 BR07 PRV BRK1 PR12 BR01 PR08 PRE2
229,random ranged seg9 #13,random,ranged,seg9,32000,50,5029.96,32.900,275.4,0,67.0,4512.0,1,1,2330,1.46,conduit,10,ORQ,BRV,core.ranged PR02 OR02 OR05 ORQ pick.D1 BR01 BR04 OR10 OR06 ORQ7 ORQ3 BR02 ORQ5 BR08 BRQ ORQ2 PR06 BR07 OR01 OR04 PR11 OR07 BRQ5 pick.M2 BR06 OR11 BRQ3 BRC BR09 OR12 BR05 BR03 BRK1 OR09 BRK2 ORQ4 BRQ6 BRQ4 OR08 OR03 PRQ BR11 PRQ6 PR05 BRV PRQ4 PR07 PRF1 ORS2
233,random magic seg9 #1,random,magic,seg9,32000,52,7965.53,43.800,45.6,0,59.7,6204.0,2,2,2829,5.02,conduit,10,DOQ,DTV,core.magic pick.D2 DT01 pick.M3 DT06 DT02 IN01 DT10 DTQ DO01 DTK1 DO12 DO05 DO02 IN03 DTQ1 DTQ3 DO06 DOQ DOQ2 IN04 DOQ1 IN10 DTQ4 DT09 DO08 DO09 DOQ6 IN05 DOS1 DOQ5 DO04 IN02 IN11 IN12 DOF2 IN09 INC DT07 IN07 DT05 DTV DTF2 IN06 INQ DTQ2 INQ6 DO11 INS2 INK2 INS1 DOE2
237,random magic seg9 #5,random,magic,seg9,32000,59,7731.78,45.300,54.7,0,219.8,6120.0,1,0,3168,4.67,conduit,10,DTQ,,core.magic DO12 DO01 DT02 IN02 pick.M1 IN01 DT03 DT01 INQ DO09 INQ1 IN03 pick.D2 IN04 IN05 IN11 INF2 INQ2 DO10 DT11 DTQ IN06 DTQ1 DO03 DOF2 IN09 DTQ6 DT10 DO02 DTQ2 DT06 DOK2 DT05 DTA DT09 IN12 DT07 DOQ IN07 INQ5 DTS2 DOQ1 DOQ5 DOQ3 DTQ3 DTK1 DO05 DT08 DO04 DT04 DO07 INQ6 IN10 DO06 DOQ6 DO11 DOS2 DOE2
241,random magic seg9 #9,random,magic,seg9,32000,55,10036.48,46.000,0.0,0,280.3,6012.0,1,0,2604,1.88,lattice,10,DTQ,,core.magic DT01 DO05 pick.M1 DO07 DT06 IN02 DO12 DOQ DO06 IN01 DOQ4 DO09 DOK1 DT03 DOQ5 DOF1 DO11 pick.D3 DOK2 DO03 IN06 DT08 DO01 DOS2 DO02 INQ INQ5 IN10 IN04 DT10 IN05 INK1 DT12 DT09 DT04 DTQ INA G1 core.ranged IN09 IN12 BR02 INK2 DTS1 DOQ2 IN07 DTQ6 DO08 DT07 INQ4 OR02 RM7 BR01 PR02
245,random magic seg9 #13,random,magic,seg9,32000,63,6925.06,44.300,83.5,1,1.6,5856.0,2,0,2657,5.43,conduit,10,BAQ,,core.magic pick.M3 DO05 DO12 DO09 DO06 DO04 DO01 DOQ DO08 IN01 DOQ6 IN05 DOQ5 IN03 IN02 DO03 DT01 IN06 G1 core.melee IN04 DOS1 INF1 IN11 DO02 DOQ2 pick.D1 DOF1 DT02 MO02 BA02 EX02 INK2 DT03 DOQ4 DT08 IN08 DT06 BA05 DO11 DOQ3 INS2 DT05 DTQ BAQ IN12 DT04 BAQ5 DT10 BA01 MO01 DO10 DT11 MOQ BA06 IN10 DOK1 DTK2 MOQ2 BAQ6 DTQ3 DOE1
249,random melee seg12 #1,random,melee,seg12,64000,76,6996.14,45.100,99.3,0,408.2,6474.0,1,2,1857,5.78,lattice,15,BAQ,BAV,core.melee MO01 pick.P2 BA02 pick.D3 BA05 BAQ EX01 MO03 MOQ BAQ1 MOQ4 MOQ3 BAQ5 pick.M2 EX03 EX06 BA06 BA11 EX10 EX04 EX07 BA12 EXA MOQ2 EX09 BA09 BA04 EX02 MOQ1 BAQ3 MO07 BA07 BAF2 MO08 MOQ6 MOF1 EXF2 MOE1 MO11 BAQ6 MO05 BA01 EX08 BAK2 MO04 EX05 EXQ EX12 MOQ5 EXQ3 BAV EXS2 BAV1 EXQ5 BA03 EXK2 BAV2 EX11 BAQ4 BA10 BAK1 MO09 MO12 EXE2 BAQ2 BA08 MOK2 EXQ7 EXV BAC MOV EXQ1 MOV3 MOC EXQ6
253,random melee seg12 #5,random,melee,seg12,63876,96,5031.97,34.900,122.9,0,320.6,4764.0,1,2,1573,4.01,conduit,15,ORQ,MOV,core.melee pick.D2 MO02 BA01 BA02 EX01 pick.M3 EX04 EX09 EXQ BA05 pick.P3 EX03 MO01 EXQ7 EXQ3 EX07 G1 core.ranged EXS1 EX08 BAQ MO03 MO07 MOK1 BA10 OR01 BA06 MO08 OR04 BA04 ORQ BAK1 BAF1 BAQ2 EXQ1 PR01 EXS2 EXF2 ORQ7 BA09 MO04 BAQ4 BA07 EX06 EX10 MO12 BAQ5 BAC MOC OR09 BR11 OR07 BAA MOQ OR08 PR02 OR02 BR02 BA08 BR06 PR11 MOQ1 ORQ2 MOV MOV3 MO10 BAQ3 MO09 BRQ MO06 MOQ2 ORQ4 EXQ6 MOK2 PRQ MO05 BA12 BR01 BR03 BAE1 BR04 BRF2 BAQ1 MOQ6 MOF2 ORQ6 EX02 MR6 MOQ3 OR12 OR11 BRK1 MOE2 MOQ4 BRS2
257,random melee seg12 #9,random,melee,seg12,64000,89,6606.21,43.700,234.8,0,178.2,5826.0,1,2,2224,3.04,conduit,15,EXQ,BAV,core.melee pick.M1 EX02 MO02 pick.D3 EX01 BA02 EX03 MO01 EX04 MO03 EXF2 EX08 MO07 EX07 MO08 MO06 BA05 EX09 BA07 BA06 EXQ EX05 EX12 EX06 BA11 MOQ BA12 EX11 BA08 BA03 EXQ1 BAQ EXQ7 BAQ3 EXQ4 EXQ6 BAQ4 pick.P1 BA10 MOK1 MOQ6 BA09 EXA BA01 MO10 MOQ2 BAQ5 EXK1 BAK2 BA04 BAF1 BAV BAQ6 MO05 MOF1 MO04 MO12 BAV3 MO11 MOQ5 G1 core.magic IN01 DO12 IN05 DO01 DO09 MOQ4 MOQ1 MOE1 EX10 IN11 DO05 MOV BAQ1 IN03 DO02 MOK2 BAC INF2 DT05 IN12 MOV3 DO11 MOV1 DT01 DO08 MOS2
261,random melee seg12 #13,random,melee,seg12,64000,95,6421.40,41.600,156.1,0,370.2,5688.0,0,2,3842,3.27,conduit,15,EXQ,MOV,core.melee pick.D1 pick.P2 EX02 pick.M2 MO02 EX01 BA02 EX03 MO06 BA06 MOQ BAQ MO11 EX07 EX04 MOQ1 MO01 MO03 BA05 MO05 EX08 MO04 EX09 MO09 EXQ EXQ5 MO12 MO10 EX12 MOQ2 MOK2 EX06 EXQ6 EXQ7 BAQ1 BA11 MO07 EXQ4 EX11 EXQ1 BAQ2 EXQ3 EX05 MOQ5 MOF1 MOV MOQ4 MO08 MOQ3 BAQ5 BAQ3 G1 core.ranged EXK2 BAQ6 BR01 EX10 OR01 MOE1 BA01 EXK1 EXF2 EXV BR04 PR02 BA03 BA07 OR03 PR05 BR02 OR07 ORQ BR06 PRQ PRQ1 PRQ3 BR09 PR10 PR06 MOV1 PRQ2 PRF2 MOV2 BR11 PRK2 PR07 BR03 BRF2 BR07 BAA ORQ7 BA12 BRS1 EXE2
265,random ranged seg12 #1,random,ranged,seg12,64000,94,6127.28,42.400,190.0,0,376.9,5922.0,0,2,1846,1.25,gravemarch,15,EXQ,BRV,core.ranged BR01 BR03 pick.D2 OR02 pick.P1 pick.M2 BR08 BR02 BRF1 OR05 OR10 OR06 OR01 BR07 BRQ PR01 BR05 BRQ3 BR04 BRQ2 OR09 PR03 ORF1 PR04 BRA BR06 OR11 PR11 BRQ5 BRK2 PR06 PR05 PRQ PR07 G1 core.melee PR02 PRQ2 PR12 BRV PR10 PRQ3 EX02 BRE1 PRF2 MO01 BRQ7 PRA PRK2 EX01 MO03 MO04 MOQ EXQ MO08 BRC BRV3 MOQ4 EXQ5 MO02 PR08 EXQ7 BRV2 PR09 PRQ5 MOQ2 BA01 MOQ1 EX08 OR04 OR12 EX04 BA10 EX09 PRQ1 EXQ4 MO05 PRQ6 BA04 MO11 BR09 ORQ MOK1 EX06 MR8 EX03 BAQ BRK1 MOQ5 MOQ3 EXQ3 MO07 ORS1
269,random ranged seg12 #5,random,ranged,seg12,63876,89,6271.75,42.100,143.5,1,1.0,5544.0,2,2,2608,1.53,conduit,15,PRQ,BRV,core.ranged pick.P2 BR02 OR02 PR01 pick.D1 pick.M1 BR01 BR05 PR02 OR01 BR11 BR06 OR03 BR04 PRQ PRQ5 BRK1 ORQ ORQ6 OR08 OR06 ORQ2 BR09 PR05 BR12 PRQ2 BRS1 OR04 ORQ4 PR06 PRF1 PRQ4 BR08 PRQ6 PR07 ORQ3 PRA BRF2 BRA PRQ1 OR05 BRQ OR10 BRS2 OR09 ORK1 G1 core.magic DO05 OR07 BR03 BRQ6 DT01 BRQ3 ORV BRC BRQ4 PRK2 PR10 PRS1 BRQ2 OR12 IN02 BRQ5 DO12 BRV IN06 BRQ7 DO09 DT03 PR03 DT04 ORQ5 PR08 IN08 ORK2 BRV2 DT06 DT07 DT11 PR12 DO01 DTQ RM1 PR04 DTQ3 BRV1 PRE1
273,random ranged seg12 #9,random,ranged,seg12,64000,95,6045.54,42.500,29.1,0,357.9,6102.0,2,2,1958,2.60,lattice,15,PRQ,PRV,core.ranged pick.M3 PR01 PR03 PRQ PR02 PRQ5 PR06 PRQ4 OR02 G1 core.melee PR04 MO01 OR01 BR01 MO04 MOQ BR03 pick.D1 BR02 PR11 MO02 PR08 BR11 PRQ1 PRK1 MOQ3 OR06 BR06 BRQ PRF2 BRQ7 ORQ ORQ2 ORQ3 BR07 MO03 PRE2 EX02 MO05 MO06 MOQ5 EX06 pick.P1 BA01 PRV BRQ4 BR08 PRQ2 OR07 MO11 PR10 BR05 OR10 BA04 PRV3 BA07 OR09 PR05 MR8 PRK2 BA12 MOF1 BRQ2 BAQ PRQ3 BRF1 OR04 BAQ3 BRQ1 MOC MR6 BA02 BA06 BAQ2 OR05 MR5 BR04 BRK2 ORQ6 ORK2 OR12 BA05 MO07 BRQ5 BA09 BRE1 OR08 MO08 MR9 BA10 BA11 ORA OR11
277,random ranged seg12 #13,random,ranged,seg12,63876,81,6520.86,41.700,87.2,0,280.8,5622.0,0,2,1922,2.41,lattice,15,PRQ,PRV,core.ranged OR02 BR02 OR01 OR04 pick.P1 pick.M2 PR02 BR05 pick.D2 PR01 BR01 BR06 PR06 PRQ OR08 BR03 BRK2 PR05 BR04 PRQ3 ORQ PR11 ORQ2 BR07 PRK1 BRK1 BRA OR09 PRQ2 BR09 ORQ6 ORQ7 OR05 PRQ1 BRQ OR06 ORQ3 OR11 PRQ4 BR11 BRQ2 ORS1 BR10 PRQ5 PRF1 PR03 BRQ7 PRV OR03 PRV1 PRQ6 BRQ1 PR10 PR04 PRK2 PR09 ORF1 PR08 OR12 BR08 PR07 BRS1 PRE1 ORQ5 BRC PRA PR12 ORA BRV ORS2 ORK2 PRS1 BRV1 BRQ4 PRC BRQ6 PRS2 OR07 ORQ4 OR10
281,random magic seg12 #1,random,magic,seg12,64000,93,6215.82,40.500,79.6,0,1.0,5580.0,1,2,3341,4.61,lattice,15,EXQ,DOV,core.magic pick.D1 IN02 pick.P3 DO01 DO12 DO02 DO05 DO06 DOQ G1 core.melee DO09 DOK1 MO01 MO02 pick.M3 DT02 DT10 IN06 DT03 EX02 MO05 DT11 MOQ DT04 MOQ1 MO07 MOQ4 DO08 MOF2 IN09 DOQ6 DOQ5 DTQ BA01 DO04 MO06 IN10 DOQ3 INQ DT01 MM9 MOK1 MO11 DTQ6 DO07 IN04 IN03 INF1 DOQ4 DT08 IN05 MO08 EX06 MO04 BA03 EXQ MOQ2 MM5 DTQ4 BA07 DOQ2 BAQ BA02 DOQ1 INQ6 EXQ6 BA10 DTK2 IN07 INQ3 BA11 MO12 MOC INE1 MOV BAQ3 INK1 BA08 BA12 EXQ7 MO10 DT06 IN12 MOS1 DOV DT05 DT07 DOS1 INC EXQ5 INQ4
285,random magic seg12 #5,random,magic,seg12,64000,76,7001.67,41.000,41.1,0,416.9,5280.0,2,2,3990,5.31,conduit,15,DOQ,DTV,core.magic DO01 pick.P2 DO03 DO05 DO07 DT02 DO08 pick.D2 DT03 DT08 DO11 DTQ DO02 DT10 pick.M3 DTQ2 DT05 DOC DT04 DTQ1 DO06 DOQ DO10 DO12 DOQ3 DOV DOQ2 DOV1 DOQ5 IN01 DOV3 DTQ4 DOF2 IN03 DOQ6 IN02 DTQ6 DT06 DOQ1 DT09 DO04 DT01 IN06 DO09 INQ DOE2 DOV2 DT11 DOK1 DTK2 DTQ3 IN08 DOS1 DTV INQ5 DTF1 INQ3 IN04 INK1 DTK1 DT12 INF1 IN10 IN12 INQ1 INQ6 INV DTV1 DTA IN05 IN07 INK2 DTV2 INS1 DTS2
289,random magic seg12 #9,random,magic,seg12,64000,85,7746.70,44.600,127.7,0,68.6,5808.0,1,2,3030,5.80,conduit,15,DTQ,DOV,core.magic DO12 pick.D1 DO05 DO01 pick.M3 IN01 DOQ DT01 DOQ3 DO06 IN05 DO02 pick.P2 IN11 IN10 DOQ1 DO03 DOQ4 INF2 G1 core.ranged DO07 DT06 IN03 INQ INQ4 IN12 IN04 PR01 DT04 IN09 OR02 DOC BR02 DT05 DO11 INK1 IN02 INK2 PR03 IN07 DT11 BR05 RM7 DOK2 BR06 DTQ PR08 INQ2 BR11 DO09 PR04 INC DOV INV OR05 DTQ5 BRF2 IN06 RM3 BRQ OR10 DO08 PR09 BRQ7 BRQ4 DO04 INQ3 BRQ3 INV2 DOV2 PR07 DOQ5 INV1 OR01 INS1 DOQ6 BRQ6 OR11 DT02 OR06 PRC ORS1 BR08
293,random magic seg12 #13,random,magic,seg12,63876,95,7751.91,43.500,119.7,0,216.8,5868.0,1,2,2539,5.49,lattice,15,PRQ,DOV,core.magic pick.P2 IN02 DO01 pick.M1 DO03 DT02 IN01 DO05 INQ IN03 IN10 DT10 DO02 pick.D1 INQ3 INQ1 DO04 DT01 G1 core.ranged DT03 DOQ DO12 DOA INQ5 DTS1 OR02 DOF2 DOQ4 DO08 IN04 DT08 DO11 DT04 DO10 DT05 OR01 DOQ1 IN06 IN09 DT06 DO06 PR02 DOQ6 DT09 DOK2 DT12 DT07 DTA INK1 OR03 OR06 DO09 IN08 DOQ5 DTQ DTK1 DOQ3 BR01 OR11 OR10 IN05 DTK2 OR05 DOK1 INQ2 DTQ6 OR12 OR08 DOV IN11 ORK2 ORA DOE2 PR05 BR11 BR06 PRQ BR04 RM7 DT11 DTQ5 PR11 PR01 BR08 ORQ ORQ4 BR05 PRK1 DTF1 INQ6 PRF2 BR02 DTE1
2,Execution pure,preset,melee,seg6,13200,15,5488.10,43.400,25.5,0,232.5,5670.0,1,2,1080,5.38,lattice,6,EXQ,EXV,core.melee EX01 EX02 EX03 EX04 EX05 EX06 EX10 EXQ EXQ3 EXF2 EXK1 EXC EXV EXE2
6,Bastion early,preset,melee,seg2,1000,5,450.31,2.900,159.2,1,6.2,420.0,0,0,149,1.27,conduit,1,,,core.melee BA01 BA02 BA03 BA04
10,Precision developed,preset,ranged,seg4,5600,12,1441.64,9.900,208.5,1,5.6,1218.0,1,0,249,0.95,gravemarch,3,PRQ,,core.ranged PR01 PR02 PR03 PR04 PR07 PR09 PR12 PRQ PRQ5 PR05 PRF1
14,Barrage pure,preset,ranged,seg6,14400,16,2372.95,18.700,229.0,1,3.8,2244.0,1,1,1079,2.35,lattice,6,BRQ,BRV,core.ranged BR01 BR02 BR04 BR05 BR09 BR10 BR11 BR08 BRQ BRQ4 BRF2 BRK1 BRC BRV BRE2
18,Invocation early,preset,magic,seg2,1000,5,828.33,5.800,133.5,1,9.4,798.0,0,0,150,1.03,gravemarch,1,,,core.magic IN01 IN02 IN05 IN04
22,Distortion developed,preset,magic,seg4,6400,12,3927.09,31.000,205.6,1,11.2,4320.0,1,0,1258,2.03,conduit,3,DTQ,,core.magic DT01 DT02 DT03 DT06 DT10 DT08 DT09 DT12 DTQ DTQ6 DTF2
26,Dominion pure,preset,magic,seg6,14000,16,6214.28,40.600,7.9,0,282.1,5310.0,1,2,4905,2.20,gravemarch,6,DOQ,DOV,core.magic DO01 DO02 DO04 DO06 DO05 DO07 DO08 DO11 DOQ DOQ6 DOF1 DOK1 DOC DOV DOE1
30,Hybrid: Stormwire,preset,ranged,seg9,20600,24,5979.49,34.800,279.1,0,111.5,4734.0,1,1,5556,1.12,gravemarch,10,BRQ,BRV,core.ranged BR01 BR02 BR04 BR05 BR09 BR10 BR11 BR08 BRQ BRQ4 BRF2 BRC BRV BRE2 G1 core.magic DO05 DO07 DO01 DO02 DO06 DOA RM6
34,"Hybrid: Death Debt, melee side",preset,melee,seg9,19800,23,5975.04,37.000,214.6,0,151.2,4812.0,1,2,3017,2.64,conduit,10,EXQ,EXV,core.melee EX01 EX02 EX03 EX04 EX05 EX06 EX10 EXQ EXQ3 EXF2 EXC EXV EXE2 G1 core.magic DT01 DT06 MM2 DT02 DT03 DT09 DTA
38,Authored: Endless Lunge,authored,melee,seg6,11600,13,5665.29,36.500,0.0,0,246.0,5190.0,1,2,124,7.88,lattice,6,MOQ,MOV,core.melee MO01 MO02 MO03 MO04 MO07 MO12 MOQ MOQ1 MOF1 MOC MOV MOE1
42,Authored: Carpet Bomb,authored,ranged,seg6,12400,14,4851.36,35.300,232.9,1,13.5,4872.0,1,2,1494,2.04,lattice,6,ORQ,ORV,core.ranged OR01 OR02 OR03 OR04 OR09 OR08 OR12 ORQ ORQ1 ORF1 ORC ORV ORE1
46,Authored: Running guns,authored,melee,seg6,15800,19,2415.28,16.800,0.0,0,303.0,2070.0,1,1,418,1.31,gravemarch,6,MOQ,MOV,core.melee MO01 MO02 MO03 MO04 MO07 MO12 MOQ MOQ1 MOF1 MOC MOV MOE1 G1 core.ranged BR01 BR02 BR06 MR5
50,Authored: Spell-loaded rail,authored,ranged,seg9,20200,24,1780.50,12.300,206.6,0,138.0,1596.0,1,0,532,1.23,conduit,10,PRQ,PRV,core.ranged PR01 PR02 PR03 PR04 PR07 PR09 PR12 PRQ PRQ5 PR05 PRF1 PRC PRV PRE1 G1 core.magic IN02 IN06 RM1 IN01 IN05 IN04 INA
54,"Route: Death Debt, melee side",route,melee,seg9,19800,23,7199.98,43.800,162.9,0,182.6,6114.0,1,2,1697,6.71,lattice,10,EXQ,EXV,core.melee EX01 EX02 EX03 EX04 EX05 EX06 EX10 EXQ EXQ3 EXF2 EXC EXV EXE2 G1 core.magic DT01 DT06 MM2 DT02 DT03 DT09 DTA
58,random melee seg2 #2,random,melee,seg2,3000,9,608.98,4.200,147.0,1,9.6,480.0,1,0,203,2.79,conduit,1,BAQ,,core.melee BA02 EX02 BA06 BA05 MO02 BAQ MO06 BAQ4
62,random melee seg2 #6,random,melee,seg2,3000,9,3235.77,22.200,156.6,0,17.4,3102.0,1,0,133,6.60,lattice,1,BAQ,,core.melee BA02 BA01 BA03 BA08 BA07 BAQ BAQ3 MO01
66,random melee seg2 #10,random,melee,seg2,3000,10,3696.04,27.200,167.1,1,15.1,3456.0,0,0,134,7.18,lattice,1,,,core.melee MO02 MO01 MO04 MO09 MO06 BA07 MO03 EX01 EX02
70,random melee seg2 #14,random,melee,seg2,3000,10,3224.72,22.500,162.8,0,7.8,2808.0,1,0,163,7.20,lattice,1,BAQ,,core.melee MO02 BA02 MO01 EX01 BA05 BA06 EX04 BAQ BA07
74,random ranged seg2 #2,random,ranged,seg2,3000,10,1300.84,10.300,155.5,1,6.2,1320.0,1,0,500,0.96,gravemarch,1,ORQ,,core.ranged PR01 OR02 PR03 OR06 BR02 BR05 ORQ BR06 BR01
78,random ranged seg2 #6,random,ranged,seg2,3000,11,1114.72,6.800,137.9,1,18.2,984.0,0,0,883,0.94,conduit,1,,,core.ranged BR02 PR02 BR01 OR02 BR04 BR05 OR01 OR05 PR01 BR11
82,random ranged seg2 #10,random,ranged,seg2,3000,8,1231.86,5.800,173.6,1,3.7,828.0,1,0,592,0.89,gravemarch,1,ORQ,,core.ranged OR02 OR01 OR04 ORQ ORQ5 BR11 BR02
86,random ranged seg2 #14,random,ranged,seg2,3000,10,948.41,3.900,120.0,1,3.3,498.0,0,0,780,1.00,conduit,1,,,core.ranged PR02 BR01 PR05 PR10 OR01 OR02 BR04 OR05 BR03
90,random magic seg2 #2,random,magic,seg2,3000,8,1071.57,7.700,110.0,1,5.8,1044.0,1,0,541,1.68,conduit,1,DTQ,,core.magic DT02 DT03 DO12 DTQ DT10 DTQ3 DO05
94,random magic seg2 #6,random,magic,seg2,3000,11,4566.61,31.500,121.0,1,16.3,4044.0,1,0,2431,4.04,lattice,1,DTQ,,core.magic DO01 DT02 IN02 DT03 DT01 IN01 DO02 DO04 DTQ DO12
98,random magic seg2 #10,random,magic,seg2,3000,10,957.30,5.500,172.4,1,23.5,804.0,0,0,483,1.71,gravemarch,1,,,core.magic DO05 IN01 IN03 DT01 IN02 IN05 IN07 DT06 DT09
102,random magic seg2 #14,random,magic,seg2,3000,10,1503.01,10.300,38.0,0,48.0,1464.0,0,0,1631,3.42,gravemarch,1,,,core.magic DO05 DT01 DT06 DT03 DO07 DT07 DTF1 IN02 DO01
106,random melee seg4 #2,random,melee,seg4,8000,20,922.82,5.900,173.4,1,4.3,792.0,1,0,324,2.37,conduit,3,BAQ,,core.melee pick.M2 BA02 EX02 MO02 MO06 MO05 MO08 BA01 BA06 MO03 MOQ BA03 EX06 BAQ BA04 BAQ3 MOQ1 BA09 MOQ5
110,random melee seg4 #6,random,melee,seg4,8000,17,784.40,4.800,10.6,0,194.3,708.0,1,0,238,2.77,conduit,3,BAQ,,core.melee pick.M2 BA01 BA04 BAQ EX01 BA08 BAQ3 BA09 EX03 BA03 EX04 BAQ4 BAQ1 BA10 BA11 BAF1
114,random melee seg4 #10,random,melee,seg4,8000,17,4066.79,27.500,162.1,0,23.9,3456.0,1,0,183,7.33,lattice,3,BAQ,,core.melee EX01 BA02 EX04 EX09 EX08 EXK1 pick.M3 EX10 BA05 MO01 MO03 EXQ BAQ BAQ2 MO02 MO07
118,random melee seg4 #14,random,melee,seg4,8000,20,2250.13,16.200,0.0,0,216.6,2088.0,1,0,671,1.37,gravemarch,3,MOQ,,core.melee pick.M3 MO01 MO03 EX02 EX01 MOQ EX03 EX05 EX07 MOQ2 MO08 EX06 MOQ3 MO05 MO02 MO10 BA02 BA06 MOK1
122,random ranged seg4 #2,random,ranged,seg4,8000,22,2425.89,16.000,239.3,1,6.4,2070.0,1,0,1354,1.04,gravemarch,3,ORQ,,core.ranged PR01 BR01 BR03 OR01 OR04 pick.M3 BR02 PR02 BR05 OR09 OR03 ORQ BR08 G1 core.magic IN02 OR02 PRQ OR08 DO05 DO01
126,random ranged seg4 #6,random,ranged,seg4,8000,20,1662.44,11.200,42.1,0,159.5,1446.0,1,0,599,1.26,gravemarch,3,PRQ,,core.ranged pick.M1 OR02 OR05 ORQ BR01 OR10 PR02 PR01 OR01 ORQ5 PR03 PR05 PRF2 PR04 OR06 PRQ OR09 BR02 BR08
130,random ranged seg4 #10,random,ranged,seg4,8000,19,1245.26,7.500,189.3,1,8.5,882.0,1,0,514,1.59,gravemarch,3,PRQ,,core.ranged PR02 PR05 BR02 PR01 PRQ PRQ1 BR01 PR10 PR11 PRQ6 BR06 PRF2 BR05 OR02 OR05 OR10 BR08 pick.M2
134,random ranged seg4 #14,random,ranged,seg4,8000,22,2885.38,18.700,198.7,1,8.1,2328.0,0,0,944,2.15,lattice,3,BRQ,,core.ranged BR01 BR03 BR07 OR01 PR01 BR02 BRQ pick.M2 PR02 BR11 BR05 OR03 BR08 BRQ7 PR05 BRF1 OR04 PR06 OR02 OR07 PR03
138,random magic seg4 #2,random,magic,seg4,8000,20,2593.55,15.000,179.3,1,8.1,2016.0,0,0,1150,3.32,gravemarch,3,INQ,,core.magic DT01 pick.M2 IN01 IN03 IN02 DT02 DT04 DO01 IN06 DT10 DTQ IN04 DT11 IN05 IN11 INQ IN09 INS1 INS2
142,random magic seg4 #6,random,magic,seg4,8000,18,3360.83,24.000,219.1,1,2.1,3030.0,1,0,1950,3.30,gravemarch,3,DOQ,,core.magic DO05 DO01 pick.M1 IN01 DO06 DO02 DT05 DO12 IN03 DO07 DT04 DOF1 DT02 DOQ DOA DOQ2 DOS2
146,random magic seg4 #10,random,magic,seg4,8000,21,5887.68,40.700,50.5,1,1.0,5496.0,1,0,3003,4.78,conduit,3,DTQ,,core.magic DT02 DO12 IN01 pick.M3 DT01 DO05 DO07 IN05 DTQ DTQ2 DTQ6 DT03 DO09 DT08 DT06 DTQ5 DT07 DO03 DO11 DO01
150,random magic seg4 #14,random,magic,seg4,8000,19,6460.76,41.500,167.6,1,4.4,5394.0,0,0,6860,7.62,conduit,3,INQ,,core.magic pick.M2 DO05 IN01 DO01 DO12 IN02 IN06 IN08 DO07 DT02 DO03 INQ INK1 DO09 DT11 DO11 INQ2 IN05
154,random melee seg6 #2,random,melee,seg6,16000,32,6358.89,42.900,211.3,0,70.6,5658.0,0,0,847,7.39,lattice,6,EXQ,,core.melee pick.M2 EX02 EX01 EXQ EXQ7 MO01 EX05 MO03 EX11 BA02 EXQ5 MO08 EX04 BA01 BAQ G1 core.magic DT01 EX10 EX03 EXA BA05 DO01 MO05 MO04 BA04 EX12 DO02 BA10 EXQ6 DT02
158,random melee seg6 #6,random,melee,seg6,16000,35,5855.39,39.400,170.5,0,83.0,5214.0,1,0,415,8.08,lattice,6,BAQ,,core.melee MO02 BA02 BA06 BA11 pick.M2 BAQ BA12 EX01 BA09 BAQ6 EX02 EXQ EXQ2 BA10 BA07 G1 core.ranged BR02 BAQ2 BA03 MO01 MO06 BA08 BA05 MO05 MO03 PR02 EX08 EX12 MO07 EX06 MO08 BR06 OR01
162,random melee seg6 #10,random,melee,seg6,16000,33,1878.28,12.100,231.2,0,29.8,1542.0,1,0,687,3.19,conduit,6,EXQ,,core.melee pick.M3 EX02 BA02 MO02 MO05 EX06 EXQ EXQ7 EXQ3 EXQ5 MO10 MO01 MO03 MO08 EXQ4 MOK2 EXQ1 BA10 G1 core.magic MO04 BA06 DT02 DO12 EX01 BAQ MO11 MO07 MOK1 DO09 BA07 DO05
166,random melee seg6 #14,random,melee,seg6,16000,24,6947.84,42.000,0.0,0,258.0,5550.0,1,2,1075,4.96,lattice,6,MOQ,EXV,core.melee EX01 pick.M1 EX04 EX09 EX10 EX02 EX05 EX03 EX06 MO05 EXF1 EXC EX07 MO01 BA02 MOQ MOQ5 MO07 EXV EX11 MO04 MO02 BA01
170,random ranged seg6 #2,random,ranged,seg6,15876,34,4838.02,33.500,258.0,1,24.7,4194.0,2,0,1637,1.46,gravemarch,6,ORQ,,core.ranged PR01 pick.M3 BR02 OR02 BR01 OR01 OR03 BR06 OR08 PR11 OR07 ORK2 PR10 PR05 BR05 OR04 PRS1 PRS2 PR02 ORQ ORQ3 PR03 PR08 ORQ7 PR04 PR06 PRQ ORQ1 PRQ3 ORF2 PR07 OR09 PRF2
174,random ranged seg6 #6,random,ranged,seg6,16000,31,4627.54,31.500,258.0,1,9.1,4098.0,1,0,1974,1.12,gravemarch,6,PRQ,,core.ranged BR01 BR02 OR01 OR04 OR08 BR05 BR03 BRQ BR04 BRQ3 OR07 OR12 PR02 PR06 PR11 OR03 ORK1 OR09 BR11 PR01 BR08 OR02 BRC PR10 BR07 BRQ5 pick.M1 PRQ PR05 BRS2
178,random ranged seg6 #10,random,ranged,seg6,16000,31,5117.05,36.200,225.5,0,47.7,4848.0,1,0,2154,2.35,lattice,6,PRQ,,core.ranged pick.M2 PR02 BR01 OR01 BR03 OR03 OR04 BR04 OR07 ORQ OR09 BR02 PR01 ORQ1 BR11 BRK1 BR05 ORQ7 PR03 OR12 ORA PRQ ORQ3 BR07 BR06 PR08 PR06 ORQ4 PR05 PR04
182,random ranged seg6 #14,random,ranged,seg6,16000,32,3436.40,22.500,184.2,1,17.7,3060.0,1,0,1113,2.53,lattice,6,BRQ,,core.ranged BR02 PR02 BR05 PR05 pick.M1 OR02 BR01 BRQ OR01 PR10 OR06 PR06 PRK1 BRQ1 ORQ ORQ7 ORQ4 PR11 PRS1 PRF1 PR03 PRQ ORQ5 BRQ6 BR11 BRF2 BR04 PRQ4 OR05 OR10 PR01
186,random magic seg6 #2,random,magic,seg6,16000,31,6253.60,43.300,210.7,0,19.0,5754.0,0,0,3232,6.51,lattice,6,DOQ,,core.magic pick.M2 DO05 DO12 IN02 DO06 DO04 DO10 DO01 IN06 IN08 DT02 DO11 DO09 IN09 DT11 DOF1 INQ DO03 DOQ INK1 IN12 DOS2 INQ6 INF1 INQ3 DT01 INQ1 IN10 INQ5 DO07
190,random magic seg6 #6,random,magic,seg6,16000,31,7302.08,45.200,40.3,1,1.0,6168.0,0,0,2434,4.54,conduit,6,DOQ,,core.magic DO12 IN01 pick.M2 IN03 DO05 DO06 IN02 DO08 DO11 IN05 DT02 IN06 IN11 IN10 DT01 DO03 INF1 IN12 DT10 DT06 DT07 DOK2 DO10 IN09 DT03 INK1 DO09 DTF1 DOQ DO01
194,random magic seg6 #10,random,magic,seg6,16000,23,6057.80,41.000,91.6,0,95.6,5508.0,1,2,4468,5.79,lattice,6,DTQ,DTV,core.magic DO12 DT01 DO01 DO02 DT06 DT03 IN02 DT09 DT02 DO03 DTQ DTF2 DT07 DTQ5 DTQ6 DT10 pick.M3 DTK1 DTQ2 DTV DTV2 DT05
198,random magic seg6 #14,random,magic,seg6,16000,33,6295.44,40.200,221.0,1,18.7,5616.0,1,0,3002,5.45,lattice,6,DOQ,,core.magic pick.M2 IN02 DT02 DO01 DO02 DO09 DO12 DT05 DT10 DO05 DO06 DO11 DOK1 IN01 DOQ IN03 DTQ IN04 DT03 IN06 DT04 DO08 DOQ3 DOQ2 DT11 DOQ4 DTQ2 DO04 INF1 DT08 IN09 DOS2
202,random melee seg9 #2,random,melee,seg9,32000,47,3690.68,27.000,0.0,0,392.6,3516.0,1,1,683,1.53,gravemarch,10,MOQ,MOV,core.melee MO02 pick.M3 pick.D3 EX02 MO06 MO11 MO01 MO04 MO12 MO05 EX01 BA01 BA04 MO10 MO03 EXQ BAQ MOF2 MOC EX08 EXQ3 EX04 EXQ5 BA03 MOQ EX06 BAQ5 MOK1 EX09 MOQ2 MOV BA02 BA07 BAK1 MO09 EX10 EXK1 MOS2 MOK2 BA10 BA06 MOQ5 BA12 EX03 EXS2 EXQ2
206,random melee seg9 #6,random,melee,seg9,32000,52,3791.35,22.200,222.2,0,195.4,3156.0,0,1,1473,3.03,conduit,10,EXQ,MOV,core.melee MO01 MO03 pick.D3 EX02 BA01 MO04 EX01 MOQ BA03 MOQ6 MOQ1 EX03 EX06 MO02 MOQ2 BA02 MOF1 EXQ BAQ BAQ4 BAQ6 MOE1 BAQ1 BAQ3 MO06 EXF2 EXQ7 EX04 BA06 EX09 EX10 EX08 BA11 EXQ1 BA05 BAA MO07 MOQ3 BA07 BA12 MOK1 BAQ5 EX07 MOQ5 BA08 MOV MO08 BAQ2 EX05 BA10 pick.M2
210,random melee seg9 #10,random,melee,seg9,32000,54,6316.66,41.100,184.1,0,187.4,5364.0,1,0,2431,2.98,conduit,10,EXQ,,core.melee MO01 pick.M1 MO02 MO05 pick.D3 MO10 MO03 MO07 EX06 EX02 EXQ MOA MOF1 EXQ7 BA02 MO06 EX01 EX12 MOQ EX04 BA01 MOQ4 MO04 MO12 MOK2 MOC MO09 EXQ4 EX05 MOQ6 EXS2 EXK1 EX03 MO11 MOQ3 BAQ BAQ6 BA05 MOQ5 EXF2 MOQ1 EX11 MOQ2 MO08 EX07 BA07 BA08 BA10 EXK2 BAQ2 EX10 MOE1 MOS2
214,random melee seg9 #14,random,melee,seg9,32000,54,7035.05,42.200,158.9,0,179.1,5562.0,1,0,685,8.84,lattice,10,EXQ,,core.melee EX01 EX02 MO01 EX05 MO03 MOQ pick.D1 BA01 BA02 EX11 BA04 MOQ1 EXK2 EXQ EX08 EX04 EX09 pick.M1 MO04 BA09 MOQ6 EXQ6 BA05 MO07 MO09 EXQ4 BA12 EX06 MO08 MO02 MO10 BA10 BAC BAK1 MO05 MO12 EXQ7 MOK2 BAQ BAF1 MOK1 EXK1 BAQ1 MOQ3 BA08 MO11 EXQ2 BA03 EX03 BAS2 MOF1 BA06 MOE1
218,random ranged seg9 #2,random,ranged,seg9,32000,59,6208.91,41.500,163.6,0,181.1,5640.0,1,0,1975,1.40,conduit,10,INQ,,core.ranged PR01 pick.D2 PR03 PRQ pick.M3 PRQ4 PR04 PR07 G1 core.magic IN02 BR02 DO01 BR06 PR09 BRQ OR01 DO03 PR10 PRQ2 DT02 BRQ4 IN03 BRQ3 PRQ3 PRK1 OR02 DO12 DO02 PR08 DOF1 DT01 BR05 PR12 PR02 PR05 DT05 INQ BR09 BR01 PRQ6 INQ4 PRC DT06 BRQ2 DT10 DO08 INQ3 ORQ ORQ2 IN04 IN01 RM4 ORQ6 OR07 OR12 INQ6 OR04
222,random ranged seg9 #6,random,ranged,seg9,32000,59,6152.47,41.800,204.2,0,147.5,5640.0,1,0,2059,1.39,conduit,10,PRQ,,core.ranged BR01 pick.M3 PR02 PR06 BR04 PRQ PR01 PRQ2 OR01 BR11 pick.D2 BR02 OR03 BRQ BRS1 OR04 OR07 BR03 ORQ BRQ6 BRQ1 BRQ3 BRQ7 ORQ5 OR08 PRQ1 BR08 PR05 BRQ5 ORQ2 PR03 OR09 PRK1 BR05 ORQ7 PRF1 BRF1 BR06 PR04 OR10 BR09 OR12 BR12 PR07 BR07 PR12 PR11 PRQ3 ORQ6 PR09 PRQ4 ORQ4 OR11 BRC PR08 PRS2 OR02 BRS2
226,random ranged seg9 #10,random,ranged,seg9,32000,59,5588.03,39.700,249.8,0,112.8,5682.0,2,0,2031,2.40,lattice,10,PRQ,,core.ranged BR01 PR01 pick.M3 BR03 PR03 BRQ OR01 BR07 PRQ BRQ7 PRQ5 BRQ5 PR05 BR02 PR02 pick.D1 OR02 ORQ BR08 BRF2 BRQ3 BRQ4 OR07 BRQ2 OR10 BR11 OR05 PR06 PR10 PRQ4 BRQ1 ORQ4 PRS1 BR06 PRQ1 PR04 OR06 PR07 OR03 ORQ3 PR08 OR12 ORQ5 BR04 PRQ3 PRQ2 PR12 OR08 PRS2 PRK2 BRQ6 BRK1 PRA PRK1 OR04 OR11 PRQ6 BRS1
230,random ranged seg9 #14,random,ranged,seg9,32000,59,3988.08,27.500,196.0,0,148.7,3486.0,1,0,1688,1.86,conduit,10,PRQ,,core.ranged BR01 pick.D3 PR01 pick.M2 PR02 PR05 OR01 PR03 BR03 PR06 PRK2 OR03 PRQ PR11 PRQ4 BR02 BRQ BRQ2 BR11 PRQ6 BR05 OR04 PR07 BRQ5 PR10 PR12 PRC BR07 PRF2 OR02 PRQ5 G1 core.melee ORF2 BA01 OR05 MO01 EX01 OR08 BA03 ORQ BAQ BA07 PR09 ORQ7 PR04 MO04 BAQ3 BAQ4 BR09 OR09 BAQ6 PRS2 BRQ1 PRK1 ORQ5 BR04 BR08
234,random magic seg9 #2,random,magic,seg9,32000,48,6916.35,43.600,254.6,1,28.7,5574.0,2,2,3622,7.44,lattice,10,DOQ,INV,core.magic pick.D1 DO01 IN01 DO12 pick.M3 DT02 DT01 DT04 DT05 IN03 DO09 IN02 INQ INQ6 INQ1 DT11 IN10 INQ2 DT06 DO03 DT03 INQ3 DO10 DT10 IN04 DO04 DTQ INK1 DTQ2 IN05 DTQ3 IN06 DT09 DO05 DOQ INA DO11 DTQ4 DT07 INV DTQ5 DTC DO07 DO06 INV1 IN07 DTS1
238,random magic seg9 #6,random,magic,seg9,32000,51,6849.37,44.600,23.7,0,11.2,5856.0,1,2,2223,5.17,conduit,10,DTQ,DTV,core.magic DT01 IN02 DO12 IN01 pick.M3 IN05 pick.D1 IN03 INK2 DO09 INQ DT04 DO01 DO02 DO05 DT06 DO06 DO11 DOQ INQ6 DTQ DTQ4 DOQ5 DT03 IN10 INQ1 DT07 DTQ2 DT09 DT10 DTF2 DO03 IN07 DO08 DTC DOQ2 IN11 DO10 DTV DOF1 INF2 DTQ3 IN09 DTQ1 IN06 IN04 DO04 DT05 DOQ6 INE2
242,random magic seg9 #10,random,magic,seg9,32000,53,6295.89,44.100,94.2,0,139.2,5748.0,0,0,2540,4.93,lattice,10,INQ,,core.magic pick.D1 DO01 DO12 DT01 pick.M2 DT02 DO03 DT06 DO05 IN01 DO11 DT03 IN05 DO08 DO07 DT09 DOA IN04 IN10 IN07 DOK1 DTQ DT04 DTQ4 DTK1 DOQ DTC DT11 IN06 IN11 INQ DT08 IN12 DOQ3 DT05 IN08 INF2 INS2 INK2 DOF1 IN02 DOQ2 DTQ2 INQ6 DT10 DT12 DTQ6 DO09 DTQ1 INQ3 INE2 DTS2
246,random magic seg9 #14,random,magic,seg9,32000,49,7140.43,40.300,81.2,1,1.0,5550.0,0,2,3368,4.49,gravemarch,10,DOQ,DOV,core.magic DO01 pick.M2 DO03 DO02 DT05 DO04 DT04 DO10 IN02 DO09 DOK1 DT01 DO06 DO12 IN03 DOS1 IN06 IN04 pick.D1 DOQ DO05 IN09 IN08 DO11 DT03 DOQ1 DT08 DOQ5 DT02 IN12 DOF2 DOA IN05 DT06 DOQ2 DTK1 INK2 IN01 DT07 INF1 DO08 DOV DTK2 DO07 IN10 DOV1 DOS2 DOE2
250,random melee seg12 #2,random,melee,seg12,64000,86,7384.70,44.800,95.6,0,415.9,6252.0,1,2,675,6.75,lattice,15,BAQ,BAV,core.melee MO02 pick.D1 pick.M1 MO01 MO05 MO10 MOK2 BA01 BA02 MOF2 BA06 BA11 MOQ pick.P1 BA10 BA09 EX06 BA03 EX03 MO03 EX07 EX02 MOQ3 BA08 MO06 BAQ MOQ5 BA05 MOQ2 BAQ6 MO07 MO04 MOQ6 MOV BA04 MO12 BA12 BAQ4 MO11 BAQ5 BAQ2 MO09 MOC BAQ3 BAF2 BAQ1 MOQ4 MOS1 MOV2 EXQ BAK2 BAC EXQ7 EXQ2 BAE2 EXQ3 MOE2 EXK2 EX11 BA07 EXQ5 G1 core.magic BAV DT01 DT06 EXA MO08 MOV1 MM5 IN02 DT09 DT03 DT11 MOQ1 EX01 EX12 MM8 DT04 DT07 DTS2 EX04 EX09 EX08 DO05
254,random melee seg12 #6,random,melee,seg12,64000,82,6910.96,41.800,31.7,0,460.1,5532.0,1,2,2008,1.82,gravemarch,15,BAQ,EXV,core.melee pick.P2 BA02 pick.D1 pick.M1 BA05 EX01 BAQ EX03 BAQ5 EX04 EX06 MO02 BA07 BAQ3 MO06 EX08 BA12 EX10 MOQ EX05 BAQ6 G1 core.magic MOQ1 MO10 MOQ2 DO01 EX07 MO01 BA10 IN02 BA09 EX12 MO11 MO04 EX09 MO05 BAS2 BA11 BAK1 BA04 BAC IN01 BA06 MO07 IN06 MOQ5 MO12 MOF2 DO12 DO02 MOS1 EXS2 MOK2 MOV BAV IN09 EXC BAF1 MM6 MOV1 MM3 IN03 DO03 EXQ MOQ4 DOK2 DT01 MO03 DO04 EXQ4 INQ EXQ7 BA01 DT03 DO05 DO10 IN10 EXV EXV1 DT02
258,random melee seg12 #10,random,melee,seg12,64000,84,5786.57,35.500,86.1,0,396.9,4590.0,1,1,2712,3.35,conduit,15,BRQ,BAV,core.melee EX01 pick.P3 pick.M3 MO02 BA02 MO01 EX02 EX03 EX06 pick.D1 MO04 BA06 BAQ BAQ4 BA07 BAQ3 MOQ MO06 MO03 BA03 BA08 EX12 MO11 EX04 EX07 EX09 BA05 BA04 BAQ6 EXF2 EX08 BA01 BA11 MOQ2 BA10 EX10 MO08 BAQ1 MOQ5 EXK2 BAF1 BA12 MO09 MO07 EXQ BAK1 MO12 MOA MOK2 BAK2 EXQ4 EX05 EXQ6 BAQ2 BAS1 MO10 BAQ5 EXQ1 EXC EXV MOF1 BAS2 MOQ1 BAV MOQ6 BA09 BAC EXQ3 EXQ7 MOQ3 G1 core.ranged BR02 EXA BR01 BRQ MOQ4 MOC BAV1 MOE1 MO05 OR01 EXE2
262,random melee seg12 #14,random,melee,seg12,64000,99,7293.29,44.000,0.0,0,527.0,5688.0,1,2,2120,1.92,gravemarch,15,MOQ,BAV,core.melee EX01 BA02 pick.P1 pick.M1 pick.D2 BA01 BA04 EX03 BA03 MO01 BA08 EX06 BA09 BAC BA12 BAF1 BA11 BA06 BA10 EX05 MO05 EXQ G1 core.ranged BA07 MO02 EXQ6 EXQ4 EX08 MO04 BAQ EX10 MOQ BAQ4 BAQ3 EX04 EX12 PR01 BAV MO09 MOQ5 BA05 EXS2 BAV2 MO08 MO03 OR01 BAS2 PR03 EXF1 EX02 BR01 BR03 EX11 EXQ3 MOQ1 BAQ2 MO06 OR04 MO11 MOQ2 BRQ BRQ7 PRQ EX09 BAQ6 EXQ7 BAK2 MO07 MOF1 EX07 MOQ4 BRQ3 OR09 BAQ1 BAV3 MOQ3 PRQ4 BR02 OR08 PR04 PRQ6 BR04 PRQ1 OR12 BRQ5 BR05 MOK1 MOA OR10 BR08 PRQ2 MO10 EXQ2 EXC OR03 EXE1 MOE1
266,random ranged seg12 #2,random,ranged,seg12,64000,80,8337.57,42.800,293.4,0,195.4,5790.0,1,2,2995,1.45,conduit,15,BRQ,BRV,core.ranged PR02 PR01 BR02 BR05 pick.M3 pick.D3 PR03 PR06 PR07 BR01 PR12 pick.P2 OR02 BR04 BRK1 OR05 BR03 BRQ BRQ4 BRQ5 PR05 PR11 BRQ1 PR04 BRQ2 BR08 ORQ BR11 OR07 BRQ7 BR07 OR08 ORK2 ORQ3 OR04 ORQ1 ORQ7 PR08 OR03 OR10 PRK1 OR12 BR09 ORV BRK2 ORQ6 BRC OR11 ORV1 ORV3 PRF2 BR06 BRF1 PRC PR10 BRQ3 ORK1 BRV BR10 ORQ5 G1 core.magic DO01 PRQ BRE1 PRA OR01 RM9 DT01 IN02 PRV OR09 DT06 DO03 PRQ4 ORQ4 IN01 DO12 PRE2
270,random ranged seg12 #6,random,ranged,seg12,64000,83,7073.04,42.200,185.2,0,286.2,5778.0,1,2,1802,1.28,gravemarch,15,PRQ,BRV,core.ranged pick.D2 pick.M2 PR01 BR02 PR02 BR05 BRQ BRQ7 BR06 PRQ BR01 BRQ6 PR06 pick.P2 BR04 BRQ5 PRQ1 PR11 PRQ3 BR08 BRQ3 PRF2 BRK2 BRF2 BR03 OR02 BR07 OR06 PR03 BR11 OR01 PR10 BRC PR09 BRQ1 PRK1 PR04 BRV BR09 PR05 PRQ6 OR03 OR11 ORK2 PRS1 ORQ OR04 PR07 ORQ6 ORQ2 ORQ5 ORS1 G1 core.magic ORV PRK2 BRQ4 PRV BR12 ORF2 PRV1 BRK1 PR08 DO12 ORQ3 PRQ5 PR12 ORQ4 OR08 ORV1 BRV2 OR05 DT01 DT06 DO09 BRQ2 IN01 PRV2 DT02 DO01 OR07 ORK1
274,random ranged seg12 #10,random,ranged,seg12,64000,76,6250.90,40.800,176.9,0,319.3,5532.0,1,2,1857,1.44,gravemarch,15,ORQ,PRV,core.ranged OR01 OR03 OR08 OR07 BR11 PR02 PR05 pick.P2 PR10 OR12 pick.M1 PR06 OR11 OR04 PR11 PR01 ORF2 OR10 PRQ OR02 PR03 ORQ BR08 ORQ5 PRK2 pick.D3 BR06 PRF2 PRQ5 BR07 PR08 ORQ4 OR05 BR03 PRQ1 PR09 PRQ2 BRF2 PRV BRQ PRQ4 BRQ4 BRQ5 BR01 ORQ6 ORK1 PRV1 BR04 PRV2 BRA BR02 BR09 BRK2 ORQ1 ORK2 BR05 PRQ3 BRQ3 BRQ6 ORS2 BRC PRS2 PR07 BRV PRE2 PRK1 ORV OR06 BRV1 ORV1 ORQ3 PR12 ORV3 OR09 PR04
278,random ranged seg12 #14,random,ranged,seg12,64000,84,6955.92,40.900,96.2,0,271.8,5400.0,2,2,2518,2.55,lattice,15,BAQ,ORV,core.ranged pick.M3 OR01 PR01 BR01 BR04 BR02 OR03 ORQ BR03 OR08 ORQ7 BRK2 pick.D2 BR08 OR02 BR11 BRQ BRQ5 OR05 BRQ2 ORQ4 PR03 BRQ4 BRQ3 ORQ2 PR08 BRQ1 BR07 ORK1 OR04 pick.P1 PR04 PR09 BR09 OR06 ORQ3 BRK1 OR10 OR07 ORQ6 ORV ORV1 PR02 OR11 BRV PR05 BRQ7 ORV3 BR06 BRA ORK2 OR09 PR06 ORS1 PR10 BRC ORF1 BR05 G1 core.melee EX02 PRK2 BR12 BRV2 BA02 BA01 BRQ6 PRF1 PRC OR12 PR07 BAQ BAQ3 MR8 BA03 BA08 BAQ4 BA07 EX01 PRQ PR12 BAQ6 PRS2
282,random magic seg12 #2,random,magic,seg12,63942,80,8931.62,45.000,58.3,0,298.9,6108.0,1,2,4582,5.37,conduit,15,DOQ,DOV,core.magic pick.M2 DT02 pick.D1 pick.P1 DT01 DT10 DT03 DTQ DT11 DTQ1 DO12 DT06 IN01 DT07 IN03 DT09 DTA DTC DO03 IN02 DO01 DTF2 DO05 INQ DTQ2 INQ3 DO06 DO02 DOQ DO11 DOQ4 IN06 INK1 IN05 DTQ3 INF1 IN04 DTK2 IN11 DOQ1 DOQ5 DO09 INQ2 DT05 DTS2 IN07 IN08 DTQ4 INK2 IN09 DO10 INQ1 DO07 DO08 DOK1 DTS1 DTQ6 DOQ3 DO04 IN10 DTV DOQ2 INQ6 DOC DOF1 DOV DOA INC DT08 DOS1 DOV3 DT04 DTK1 INQ5 IN12 DT12 DTE2 INS1 INS2
286,random magic seg12 #6,random,magic,seg12,64000,91,8445.53,45.000,48.1,0,20.8,6294.0,2,2,3018,5.46,lattice,15,BAQ,DOV,core.magic DO01 DO03 IN01 IN05 IN11 pick.P3 DT02 pick.D1 pick.M2 DO02 DO05 DO12 IN03 DT10 IN10 DT01 DT05 IN02 INQ DT06 INS2 IN04 IN06 INK2 INQ4 IN12 G1 core.melee INQ5 DO06 IN09 DO09 DT07 BA01 DTK1 MM9 DT09 DO11 DO04 IN07 EX02 DTQ BA04 BA09 DTQ5 DTK2 DT03 DT08 DT04 DO08 DO07 INK1 DOK1 BA08 DOK2 DTF1 BA02 INF2 DTQ2 BA05 BAQ INQ6 DT11 INA INC BA12 INE2 BAQ2 DTQ6 BAQ1 DOQ BA11 BAF2 MO01 MO04 DTV BA06 DOQ3 DOQ4 MO02 DOC DOV BAQ5 MO05 BA10 DOF1 EX06 BAQ3 DTS1 DTE1
290,random magic seg12 #10,random,magic,seg12,63876,79,8155.45,45.200,57.7,0,259.0,6390.0,1,2,3442,3.94,lattice,15,INQ,DTV,core.magic pick.M3 DT02 DO01 DO05 pick.D2 DO02 DO07 DOK1 DO12 DO08 DT01 DT05 DT10 DOK2 pick.P1 DT03 DO10 DO04 DT04 DO06 DOS1 DOQ DTK2 DOQ2 DTK1 DO09 DT11 DOQ3 DOQ5 DOQ6 DT06 IN01 DTQ DO03 IN02 DOF2 DTQ4 DTQ5 IN03 DOC DT09 DTS1 DT07 IN04 DTQ2 IN05 DTQ3 DOE2 IN06 DT08 INQ INQ1 DTV IN11 DOV IN07 INQ6 DTF2 DTQ6 IN10 DOQ4 DO11 DT12 IN09 INC DOV3 DTV2 INV DOQ1 DOV2 DTV3 INQ5 IN12 INQ2 DTE2 INK2 INS1 DOS2
294,random magic seg12 #14,random,magic,seg12,64000,78,7676.15,44.600,48.7,0,386.4,5700.0,0,2,2799,5.01,conduit,15,INQ,DTV,core.magic DO01 IN01 pick.D1 pick.M2 DT02 DO03 DT01 IN02 IN06 DT10 DO12 DO02 IN08 IN03 INF1 DT04 INQ IN10 IN09 DT06 DT09 pick.P2 INQ4 INK1 DT07 DTK1 IN04 IN05 INQ3 DT05 INQ5 DOK2 DT11 IN11 DTS2 IN07 INV INC DTA DTS1 INA DO05 INK2 INV3 DOQ DO07 DO08 INQ2 DO11 DOQ4 DOQ3 DO10 DOC DOF1 DOQ2 DOQ5 INV1 DOK1 DTQ DTF2 IN12 DTQ4 DO04 DTQ2 DTQ5 DOA DOQ6 DO09 DOE1 DTV DTC DTQ3 INQ6 DTQ6 DT03 INS2 DTE2
3,Momentum early,preset,melee,seg2,1000,5,1088.01,7.800,50.7,0,120.3,954.0,0,0,150,1.18,gravemarch,1,,,core.melee MO01 MO02 MO03 MO04
7,Bastion developed,preset,melee,seg4,5800,12,3227.57,25.300,181.4,0,16.8,3480.0,1,0,138,5.65,lattice,3,BAQ,,core.melee BA01 BA02 BA03 BA04 BA08 BA09 BA10 BAQ BAQ2 BAQ4 BAF2
11,Precision pure,preset,ranged,seg6,14000,16,2781.93,18.800,223.7,1,9.9,2790.0,1,1,220,2.29,lattice,6,PRQ,PRV,core.ranged PR01 PR02 PR03 PR04 PR07 PR09 PR12 PRQ PRQ5 PR05 PRF1 PRK1 PRC PRV PRE1
15,Ordnance early,preset,ranged,seg2,1000,5,1025.43,7.100,48.7,0,83.3,882.0,0,0,398,0.77,conduit,1,,,core.ranged OR01 OR02 OR03 OR04
19,Invocation developed,preset,magic,seg4,5200,11,1428.52,9.800,148.4,1,12.9,1272.0,1,0,394,2.08,conduit,3,INQ,,core.magic IN01 IN02 IN05 IN04 IN10 IN11 IN06 INQ INQ6 INF2
23,Distortion pure,preset,magic,seg6,14800,16,4279.53,32.300,201.8,0,59.9,4284.0,1,1,2467,2.62,lattice,6,DTQ,DTV,core.magic DT01 DT02 DT03 DT06 DT10 DT08 DT09 DT12 DTQ DTQ6 DTF2 DTK1 DTC DTV DTE2
27,Hybrid: Running guns,preset,melee,seg6,15800,19,5743.24,39.500,0.0,0,258.0,5316.0,1,2,381,7.94,lattice,6,MOQ,MOV,core.melee MO01 MO02 MO03 MO04 MO07 MO12 MOQ MOQ1 MOF1 MOC MOV MOE1 G1 core.ranged BR01 BR02 BR06 MR5
31,Hybrid: Spell-loaded rail,preset,ranged,seg9,20200,24,1707.40,10.500,264.5,0,32.4,1470.0,1,0,458,1.20,conduit,10,PRQ,PRV,core.ranged PR01 PR02 PR03 PR04 PR07 PR09 PR12 PRQ PRQ5 PR05 PRF1 PRC PRV PRE1 G1 core.magic IN02 IN06 RM1 IN01 IN05 IN04 INA
35,"Hybrid: Wildfire, ranged side",preset,ranged,seg9,17600,20,2420.52,17.100,153.7,0,221.3,2262.0,1,1,1143,0.99,gravemarch,10,BRQ,BRV,core.ranged BR01 BR02 BR04 BR05 BR09 BR10 BR11 BR08 BRQ BRQ4 BRF2 BRC BRV BRE2 G1 core.magic DT02 DT10 RM5
39,Authored: Bomb suit,authored,melee,seg6,13000,15,5983.69,43.600,161.4,0,87.0,5964.0,1,2,225,7.40,lattice,6,BAQ,BAV,core.melee BA01 BA02 BA03 BA04 BA08 BA09 BA10 BAQ BAQ2 BAQ4 BAF2 BAC BAV BAE2
43,Authored: Sigil Web,authored,magic,seg6,12400,14,1619.50,11.900,172.9,0,86.1,1530.0,1,0,394,2.77,lattice,6,INQ,INV,core.magic IN01 IN02 IN05 IN04 IN10 IN11 IN06 INQ INQ6 INF2 INC INV INE2
47,Authored: Corpse artillery,authored,melee,seg9,16400,20,5239.99,36.700,223.5,0,161.8,4950.0,1,1,1516,1.47,gravemarch,10,EXQ,EXV,core.melee EX01 EX02 EX03 EX04 EX05 EX06 EX10 EXQ EXQ3 EXF2 EXC EXV EXE2 G1 core.ranged OR01 OR03 OR04 MR3
51,Authored: Runes and mines,authored,ranged,seg9,18000,22,4909.53,34.400,278.2,0,108.3,4878.0,1,2,1872,1.17,conduit,10,ORQ,ORV,core.ranged OR01 OR02 OR03 OR04 OR09 OR08 OR12 ORQ ORQ1 ORF1 ORC ORV ORE1 G1 core.magic IN02 IN06 IN09 RM7 OR05 OR06
55,"Route: Wildfire, ranged side",route,ranged,seg9,17600,20,1782.57,11.800,179.7,0,174.0,1566.0,1,0,1213,1.06,conduit,10,BRQ,BRV,core.ranged BR01 BR02 BR04 BR05 BR09 BR10 BR11 BR08 BRQ BRQ4 BRF2 BRC BRV BRE2 G1 core.magic DT02 DT10 RM5
59,random melee seg2 #3,random,melee,seg2,3000,10,2755.25,21.800,134.0,1,3.8,2736.0,0,0,142,5.37,lattice,1,,,core.melee EX01 BA01 BA04 BA02 BA05 BA09 BA08 MO02 BA06
63,random melee seg2 #7,random,melee,seg2,3000,9,574.44,4.500,147.0,1,14.9,690.0,0,0,165,3.19,conduit,1,,,core.melee BA02 BA05 MO01 EX02 MO03 BA10 BA09 EX01
67,random melee seg2 #11,random,melee,seg2,3000,10,898.38,6.500,135.0,1,1.2,816.0,0,0,270,2.74,conduit,1,,,core.melee EX01 EX02 BA02 EX04 BA01 BA05 BA06 BA11 EX05
71,random melee seg2 #15,random,melee,seg2,3000,12,1790.78,14.200,158.5,1,2.9,1704.0,0,0,374,1.55,gravemarch,1,,,core.melee BA01 EX01 BA02 MO01 MO02 EX02 EX04 MO03 EX05 MO08 BA03
75,random ranged seg2 #3,random,ranged,seg2,3000,10,1319.70,10.000,143.5,1,4.0,1254.0,1,0,422,2.17,lattice,1,ORQ,,core.ranged OR02 OR06 OR01 ORQ ORQ1 PR01 OR05 BR01 PR02
79,random ranged seg2 #7,random,ranged,seg2,3000,10,819.70,6.600,132.0,1,16.9,840.0,1,0,269,0.94,conduit,1,PRQ,,core.ranged PR01 PR02 OR02 OR06 PR05 PR06 PRQ PR03 BR01
83,random ranged seg2 #11,random,ranged,seg2,3000,9,1431.99,11.400,143.5,1,7.4,1422.0,1,0,709,0.85,gravemarch,1,ORQ,,core.ranged BR01 OR01 OR03 OR04 ORQ ORQ2 BR03 BR02
87,random ranged seg2 #15,random,ranged,seg2,3000,9,738.26,4.300,134.3,1,8.2,558.0,1,0,465,0.95,conduit,1,BRQ,,core.ranged OR01 OR03 BR02 OR08 BR11 BR01 OR02 BRQ
91,random magic seg2 #3,random,magic,seg2,3000,11,1484.48,10.600,127.4,1,9.7,1512.0,1,0,262,1.85,conduit,1,DOQ,,core.magic DT01 DO12 DO05 IN01 DT04 DT05 IN02 IN03 DT02 DOQ
95,random magic seg2 #7,random,magic,seg2,3000,9,1099.76,9.800,141.5,1,9.3,1182.0,1,0,306,2.41,lattice,1,INQ,,core.magic DO12 IN01 IN02 INQ DT01 IN06 INQ6 INQ3
99,random magic seg2 #11,random,magic,seg2,3000,11,3261.11,24.900,141.5,1,1.4,3258.0,0,0,1815,4.82,lattice,1,,,core.magic DT02 DO01 IN02 DO03 IN01 IN06 IN08 DT01 DT04 DO05
103,random magic seg2 #15,random,magic,seg2,3000,10,1575.59,12.100,151.1,1,2.9,1584.0,0,0,821,2.86,gravemarch,1,,,core.magic DT01 DO05 DO01 DO03 IN02 IN06 DT04 DO06 IN08
107,random melee seg4 #3,random,melee,seg4,8000,19,1386.68,8.800,162.6,0,30.0,1092.0,1,0,365,2.35,conduit,3,BAQ,,core.melee EX02 BA01 BA02 BA05 pick.M2 BAQ BAQ2 BA07 BA03 EX01 EX04 EXQ EX08 BAQ1 BA10 BA08 EXQ5 EX05
111,random melee seg4 #7,random,melee,seg4,8000,21,1494.81,10.100,172.6,0,81.1,1260.0,1,0,228,1.29,gravemarch,3,BAQ,,core.melee BA01 MO02 pick.M1 EX01 MO06 BA04 EX03 MO01 BA03 BA08 BA07 MOQ EX02 MO04 BA12 MO03 EX04 BAQ BA11 EX07
115,random melee seg4 #11,random,melee,seg4,8000,20,3782.06,28.500,149.7,0,29.8,3840.0,1,0,162,6.77,lattice,3,BAQ,,core.melee BA02 pick.M1 BA01 BAQ EX02 BA06 BAQ6 BA03 BAQ4 BAQ1 MO01 BA04 MO04 BA05 BA11 BAQ5 BA07 BA12 EX01
119,random melee seg4 #15,random,melee,seg4,8000,20,793.35,5.600,192.6,1,6.9,840.0,1,0,203,2.68,conduit,3,EXQ,,core.melee BA02 pick.M1 EX02 EX01 BA06 EXQ EXQ7 BAQ BAQ1 BA05 EXQ3 BAQ3 EXQ2 BA01 EXQ4 MO01 MO02 BAQ4 MO04
123,random ranged seg4 #3,random,ranged,seg4,8000,19,1634.79,11.600,151.8,1,2.4,1416.0,1,0,377,2.30,lattice,3,BRQ,,core.ranged OR02 OR05 BR01 PR01 pick.M1 PR02 OR10 OR11 PR03 BR03 OR09 PR08 BRQ BR06 OR04 PRQ BR07 PRQ4
127,random ranged seg4 #7,random,ranged,seg4,8000,16,2198.87,18.400,171.0,1,9.7,2526.0,1,0,722,2.15,lattice,3,PRQ,,core.ranged PR01 BR02 BR05 PR02 PR03 PR04 PR07 PRQ PR09 PRA PR12 PR11 PRS1 pick.M2 BR01
131,random ranged seg4 #11,random,ranged,seg4,8000,19,1930.94,13.800,200.0,1,2.2,1842.0,0,0,563,2.32,lattice,3,BRQ,,core.ranged OR02 PR02 PR06 BR02 OR06 BR05 OR01 OR03 OR11 OR10 OR05 OR12 PRQ BRQ BR11 OR08 pick.M2 PR01
135,random ranged seg4 #15,random,ranged,seg4,8000,18,1905.39,14.000,173.8,1,13.0,1860.0,1,0,680,2.27,lattice,3,ORQ,,core.ranged OR01 OR04 pick.M3 BR01 BR02 OR02 BR06 PR01 BR05 OR09 BR03 BRK2 OR08 ORQ ORK1 OR10 OR06
139,random magic seg4 #3,random,magic,seg4,8000,16,2671.55,19.200,178.1,1,5.8,2568.0,0,0,1252,3.91,lattice,3,INQ,,core.magic IN01 pick.M2 IN03 DO05 DT02 DT01 IN02 DT03 DT10 DT06 DTA DTK1 INQ INQ2 DO01
143,random magic seg4 #7,random,magic,seg4,8000,19,3536.11,25.900,191.7,1,15.4,3600.0,1,0,2035,4.48,lattice,3,INQ,,core.magic pick.M3 DO05 IN02 DO01 DOQ IN06 INQ IN08 DO09 INQ4 DT02 DT11 DOQ3 DO12 DO11 INQ3 DT03 DOS2
147,random magic seg4 #11,random,magic,seg4,8000,18,1774.55,12.200,166.7,1,18.3,1656.0,1,0,1189,1.84,gravemarch,3,DTQ,,core.magic DT02 pick.M3 DT01 DO05 DT06 DT03 DO07 DT07 DT10 DT08 IN01 DTK1 DTQ IN06 DT12 DTF2 DO12
151,random magic seg4 #15,random,magic,seg4,8000,20,4660.65,36.700,172.8,1,18.0,4908.0,1,0,2285,5.69,conduit,3,DTQ,,core.magic DT02 DT10 IN02 IN01 IN03 DO12 pick.M3 DTQ DTQ1 DO01 DO03 DT03 DTQ3 DO05 IN06 DOQ DT06 DOQ5 DT09
155,random melee seg6 #3,random,melee,seg6,16000,30,1175.19,8.000,0.0,0,231.0,1206.0,0,0,377,2.83,conduit,6,MOQ,,core.melee BA01 BA02 BA03 MO02 pick.M2 BA05 BA04 BAQ BA09 MO05 MO01 BA10 MOQ BA07 EX06 MO04 BA06 BAQ1 MO07 MO09 BAC MO06 MOK2 MOF2 MO08 BAQ5 MO03 EX02 BAF2
159,random melee seg6 #7,random,melee,seg6,16000,31,2726.22,20.000,161.2,0,176.7,2214.0,1,0,501,1.36,gravemarch,6,BAQ,,core.melee pick.M1 EX01 BA01 MO02 MO05 BA03 BAQ MO08 MO01 MO10 EX06 MO03 BAQ1 MO06 MOF1 BAQ5 MO11 MO04 MOK2 BA07 BA04 EXQ MO07 EX08 MO12 EXQ7 BA12 EX04 BA10 EX12
163,random melee seg6 #11,random,melee,seg6,16000,34,3991.82,27.500,0.0,0,285.0,3282.0,1,0,1396,1.30,gravemarch,6,MOQ,,core.melee EX02 BA01 BA02 BA06 BA04 pick.M3 MO02 BAF2 EX01 BA05 MO06 EXQ EXQ4 EXQ5 EXQ3 EX08 G1 core.magic BA03 BA09 MOQ EXQ1 MO10 IN01 BA11 MO07 DO12 MO05 DT01 MOQ1 BA10 MOQ3 DO01
167,random melee seg6 #15,random,melee,seg6,16000,33,4229.82,30.400,0.0,0,243.0,4002.0,0,0,1804,2.25,conduit,6,MOQ,,core.melee EX01 EX03 EX02 EX05 EX10 BA02 pick.M2 EX09 MO01 EX06 MO02 MO05 MO06 BA01 BA05 MO04 BA06 EX04 BA10 BA07 MOQ EX12 EXK1 MO03 MO08 MO09 BA11 MO12 MOK1 MO11 MOS1 EX07
171,random ranged seg6 #3,random,ranged,seg6,16000,35,2013.14,17.100,202.4,1,16.2,2100.0,1,0,1248,1.10,conduit,6,ORQ,,core.ranged pick.M1 BR02 OR01 BR06 BR11 BR05 BRS1 OR04 PR02 OR02 PR06 OR05 OR03 OR06 OR08 OR07 ORK1 ORQ G1 core.magic OR11 ORQ2 BRF2 PRQ ORQ4 DT02 ORF2 PRQ2 PRQ6 IN01 DO01 PR01 ORQ3 BR01
175,random ranged seg6 #7,random,ranged,seg6,16000,26,3744.30,29.500,166.7,0,109.6,4182.0,1,0,542,2.24,lattice,6,ORQ,,core.ranged PR02 PR06 OR02 PR01 OR06 pick.M1 PR03 PR04 ORQ PR11 PR08 PRQ BR06 PRQ4 PRK2 BR11 ORQ7 OR11 ORQ5 PRK1 OR12 PR07 PRQ3 OR10 PRA
179,random ranged seg6 #11,random,ranged,seg6,16000,31,2131.86,15.500,235.9,1,11.4,1998.0,1,0,711,2.31,lattice,6,ORQ,,core.ranged pick.M3 OR02 OR06 ORQ OR07 OR11 ORQ4 BR02 OR01 ORK1 ORF1 BR06 ORQ5 ORQ7 BR11 G1 core.melee MO01 OR09 MO04 MO03 BA01 MOQ MOQ5 OR03 ORQ2 ORQ6 BRQ MO02 ORQ3
183,random ranged seg6 #15,random,ranged,seg6,16000,36,3840.45,28.800,26.3,0,204.7,3660.0,1,0,1558,2.36,lattice,6,PRQ,,core.ranged pick.M1 BR01 BR02 BR05 OR02 PR02 BR04 PR06 PR11 BR08 OR06 PRQ PRQ4 PR01 OR01 OR11 PR03 OR05 PRQ5 PR04 PR05 OR12 BR03 OR10 BR07 PRQ2 PR08 PR07 BRK1 BRQ BRQ7 OR07 OR03 OR08 ORS1
187,random magic seg6 #3,random,magic,seg6,16000,32,4957.72,37.400,178.5,0,121.3,4878.0,1,0,3684,5.65,conduit,6,DOQ,,core.magic DT01 IN02 pick.M2 IN01 DO05 IN03 DT04 DO07 DOQ DO09 DOQ1 DT11 DOQ6 DO03 DT02 DO10 DOS2 IN04 DOQ3 DT10 DT06 DTQ DTQ2 DO08 DO12 INQ DOC DO01 DTQ4 DO04 DT03
191,random magic seg6 #7,random,magic,seg6,16000,30,7500.89,46.000,0.0,0,218.2,6222.0,1,0,4317,4.02,conduit,6,DTQ,,core.magic pick.M1 IN02 DO12 DT02 DO01 DO02 DO09 DO05 DT01 DO10 DT10 DO03 DTQ DO04 DOF1 DO08 DT03 DO06 DT04 DT06 DTQ3 DOK1 DT05 DT07 DOK2 DO07 DT09 DTC IN06
195,random magic seg6 #11,random,magic,seg6,16000,30,7064.54,44.500,110.5,0,189.4,5946.0,1,0,2179,4.46,conduit,6,DTQ,,core.magic DT01 IN02 IN01 DO01 pick.M1 INQ DO03 DO12 DO09 IN05 IN04 INQ5 IN06 INQ4 IN10 IN03 INF1 INC DOK2 DT02 DOQ INQ6 DO02 DT03 DOQ5 INQ2 DOQ1 DTQ DOQ4
199,random magic seg6 #15,random,magic,seg6,16000,33,6265.56,42.400,17.3,4,0.0,5406.0,1,0,5275,6.80,lattice,6,DTQ,,core.magic IN01 DT02 DT03 DO12 pick.M1 IN03 DT01 IN05 DT10 IN07 DT08 IN04 DO03 INK2 DT11 DTS1 DT06 DTQ DT07 DO05 IN11 DTQ3 DO01 INS2 DT05 DTK1 DT12 IN06 DOK2 DO07 INQ DO06
203,random melee seg9 #3,random,melee,seg9,32000,51,4275.49,28.500,170.5,0,314.5,3738.0,0,0,1009,1.69,gravemarch,10,EXQ,,core.melee BA02 pick.M2 pick.D3 EX01 BA01 BA03 BA04 EX02 BAF1 BAQ EXQ EXQ3 EXQ4 EXQ2 BA06 BA07 BAQ1 BA12 MO01 BAK2 MO04 BA11 EXQ5 MOQ EXQ7 MO07 MO12 MO11 BA10 EX08 MOQ6 EX03 MO03 BAK1 EXQ6 MOQ2 MO09 EX04 MO02 MOC MOQ5 EXK1 BAQ5 EX06 EX10 EXC MO10 BAQ6 EX11 BAS1
207,random melee seg9 #7,random,melee,seg9,32000,45,7060.04,44.000,0.0,0,338.0,5940.0,1,2,224,7.45,lattice,10,MOQ,BAV,core.melee pick.M1 pick.D2 EX02 BA02 BA05 MO01 MO04 BA06 BA10 MO03 MO02 BAK1 BAQ BA11 BA12 BAQ2 MO08 MOQ BAQ4 BA01 BAQ3 MO06 MOK1 BA04 MO09 BAC BAF1 MO07 MOQ1 BAV BAV3 BAV2 BA08 MOQ3 MO10 BAQ6 MOQ5 MOF1 MOQ6 MO11 MO05 MOQ4 BAQ5 MOE1
211,random melee seg9 #11,random,melee,seg9,32000,48,7205.58,44.000,101.5,0,188.7,5910.0,1,2,1091,6.35,lattice,10,EXQ,EXV,core.melee EX01 pick.M3 MO02 MO06 EX02 EX05 MOQ BA01 MO01 EXQ EXQ1 EX06 MO05 EX04 MOF2 EXQ5 BA03 pick.D2 EXK1 EX12 EXQ3 MOK2 MO08 BA02 MO10 BA05 MO04 BA04 EX03 EX08 MOQ2 EXQ7 BA09 BAC EX10 EXQ4 EXV EXV2 MOQ6 BA12 MOQ1 BA06 EX07 EXV3 MO07 BAS1 MOE2
215,random melee seg9 #15,random,melee,seg9,32000,57,4266.84,27.700,0.0,0,440.3,3912.0,1,0,1964,1.77,gravemarch,10,MOQ,,core.melee MO02 pick.M1 MO01 BA02 MO06 BA05 MO03 pick.D1 MO07 MOQ BAQ MO08 BAQ3 MOQ4 MO11 MO05 BAQ6 MO10 MOF2 MOQ1 BA06 G1 core.magic BA10 BAQ1 BA01 BA09 MO09 BA11 BA12 EX02 BA03 BA07 BA04 MOA DT02 MO04 MOQ3 BAF1 MOQ6 DO05 DT01 DT03 BAQ2 MOE2 DTQ BAQ5 IN01 DO01 DT06 BAA DO07 DT04 DO03 MM5 DTQ2
219,random ranged seg9 #3,random,ranged,seg9,32000,45,7293.93,39.000,265.1,0,71.9,5454.0,1,2,1965,2.06,lattice,10,ORQ,ORV,core.ranged PR02 pick.D3 PR05 OR02 PRQ PRQ2 PRQ3 OR06 OR01 OR04 OR11 pick.M1 BR11 OR12 BR02 PR10 ORK2 PRQ4 PR11 BRQ OR05 BRQ7 BRQ5 ORF1 OR03 BRQ6 BRQ1 ORS2 ORC BRQ2 BRQ3 PRS1 ORV OR08 PR01 PRK1 OR10 ORQ ORQ3 ORQ5 ORA PRQ5 OR09 PR06
223,random ranged seg9 #7,random,ranged,seg9,31876,45,6240.57,39.000,330.3,0,47.8,5346.0,1,2,2554,1.20,gravemarch,10,BRQ,BRV,core.ranged BR02 OR01 pick.D1 BR05 BR01 OR04 OR02 BR03 pick.M3 BR11 ORQ BR06 BRQ BRQ1 OR05 BR08 ORQ1 OR09 ORF1 PR11 BRQ3 BRA ORE1 BR04 BRS2 BRQ2 BRK2 BRQ7 OR06 OR10 ORA ORK2 ORQ3 PR06 BR07 BRV BRF1 BRS1 BRV1 OR11 OR03 BRQ5 ORQ5 PR02
227,random ranged seg9 #11,random,ranged,seg9,32000,53,6299.47,38.100,276.3,0,46.7,5388.0,2,2,2612,2.43,lattice,10,DOQ,ORV,core.ranged BR02 OR02 BR06 OR06 pick.M1 OR11 BR05 pick.D1 ORQ OR01 ORQ7 OR05 OR12 OR09 ORQ4 BRQ ORQ1 OR10 PR11 OR07 ORK1 ORV ORQ5 OR04 BRQ7 G1 core.magic DT02 DO12 ORA OR08 ORF1 DO05 PR06 DO01 DO06 PR01 DT01 BRQ1 BR01 PR02 DO03 PR10 ORV1 BR08 IN01 DOQ DOS1 IN03 ORQ6 DO08 ORE1
231,random ranged seg9 #15,random,ranged,seg9,32000,62,5332.77,23.700,226.5,0,70.4,2982.0,1,0,2357,1.27,conduit,10,ORQ,,core.ranged pick.M1 PR01 OR01 BR01 BR04 OR03 BR02 OR02 OR05 BR05 OR07 ORQ BRK2 BR06 BR09 PR03 BR08 pick.D1 PR04 G1 core.melee BA01 PR07 ORQ6 BA02 ORF2 MO01 BR11 EX02 BAQ ORQ7 EX01 EXQ BRQ ORQ2 BA04 BRQ4 BA08 EX05 PR08 EX11 EXQ2 OR10 MO04 BRQ3 MO09 PR12 BA09 EX10 BRC BRQ5 EX06 OR08 BRQ2 EXQ7 BA06 BA03 BA12 BR07 MO02 PR02
235,random magic seg9 #3,random,magic,seg9,32000,51,7868.08,43.500,19.8,1,1.0,6120.0,2,0,3994,6.36,conduit,10,DOQ,,core.magic IN02 pick.M2 DO05 pick.D2 DO07 DO12 IN01 DO08 DOK1 DO06 IN05 IN06 DT03 IN04 DOQ DOQ5 IN11 DO04 IN09 DO09 IN10 INQ INK2 INF1 DOA DO10 DT06 IN07 DOQ3 DT08 INQ2 DT10 DTQ DTQ3 INQ1 DTQ2 DO03 DO01 G1 core.ranged DTK2 DT11 IN12 INC BR01 DTQ6 OR01 DOK2 INS2 DT07
239,random magic seg9 #7,random,magic,seg9,32000,55,7942.44,44.000,73.9,0,51.0,6042.0,1,0,2434,4.30,gravemarch,10,INQ,,core.magic pick.D1 DO01 pick.M1 DO12 DT01 DO03 DO02 DOF1 DT04 IN02 DO08 DO04 DT05 DO06 DO10 DT06 IN01 DT11 IN05 DTA DO11 DO05 DO09 DTF1 IN06 DOK2 INQ IN03 DT09 DOQ DO07 INQ6 DT07 DOQ3 INQ4 DTQ DTQ4 IN08 DOS2 INQ3 DTQ6 IN10 INQ2 IN09 INK2 DOC DT10 IN04 DTQ1 DOQ1 DOQ6 INQ5 DT02 DOE1
243,random magic seg9 #11,random,magic,seg9,32000,46,6151.64,41.800,124.2,0,258.6,5682.0,1,2,3091,5.32,conduit,10,DTQ,DOV,core.magic DO12 DO05 DOQ DOQ4 pick.D2 DO01 pick.M1 DO07 DO11 DO10 DOF2 DO02 DO03 DOQ5 DT01 DO06 DOK1 DO09 DOQ1 DO04 IN01 DOV DO08 DT06 IN05 IN04 DT04 DT03 DOQ6 DOE2 DOV2 DT08 IN03 DOA DOC DT05 DT11 IN07 DT09 DTQ DTQ3 IN11 G1 core.ranged DT07
247,random magic seg9 #15,random,magic,seg9,32000,59,6878.88,43.000,104.5,0,294.7,5736.0,1,2,3151,5.22,conduit,10,DTQ,DTV,core.magic DO01 pick.M3 DT01 pick.D1 IN02 DO03 IN06 INQ DT04 INQ1 DT05 INQ6 DT02 DT11 INQ3 DT10 INQ2 IN03 DTK2 IN04 G1 core.ranged OR02 DO02 OR06 DTQ DTQ3 DT03 DO09 BR01 OR01 DTQ5 ORQ BR03 PR01 BR07 OR05 OR03 DO05 OR04 ORF2 DO07 PR03 DTF1 OR10 IN05 BR02 BR11 OR09 DTQ4 DO10 DTV OR07 DO12 IN01 DT08 DO11 DTE1
251,random melee seg12 #3,random,melee,seg12,63952,85,7982.35,43.800,125.5,0,398.5,6120.0,1,2,1525,6.46,lattice,15,DOQ,EXV,core.melee EX01 EX03 pick.D3 EX04 EX09 pick.P2 EXK1 EXQ pick.M2 EXQ7 MO01 EX08 BA01 MO04 EXS2 MO09 MO12 MOQ MOQ2 MOQ6 MO02 EX12 EXQ5 EX07 EX02 MO11 BA02 BA05 EXQ3 EX06 EXF2 G1 core.magic MO10 IN02 MOQ5 MOC BAQ BA10 MOK2 MO07 BA06 EXV MO06 EXV1 MO05 EXE2 MOQ3 BA11 MO03 EXQ2 DO01 BA04 DT02 IN01 EXA EX10 EX05 BAQ1 DO05 EXV2 BAQ4 DO07 BA07 DO08 MM6 MOV BA09 DOQ EXK2 DT01 BAQ2 MOQ4 MOQ1 BA12 DT04 DT11 INQ DTK1 DO11 BAK1 DOQ5 DOQ3 DOF1
255,random melee seg12 #7,random,melee,seg12,63952,80,7084.91,45.700,0.0,0,483.0,6432.0,1,2,3726,3.31,conduit,15,MOQ,BAV,core.melee EX01 pick.P3 BA01 MO02 pick.D3 MO05 EX03 MO08 EX07 pick.M3 MO06 MO03 BA10 EXQ EX10 EXQ2 EXF2 EXQ5 EX02 BA04 EX04 BAQ EXQ4 EX08 MOQ BAQ3 MO11 BA11 EX06 BA06 EX12 BAQ4 EX09 MOQ3 BAK1 EXS2 BA05 BA02 BAQ6 MOQ4 BAV BAF2 EXQ3 EXK2 MOF1 MO07 EXQ7 BA08 MOQ5 BAQ2 EX05 MOK2 EX11 BA12 BA03 BAC EXE2 MOV BAK2 MOK1 MO10 BAV2 MO04 BA09 MOC BAQ5 EXQ6 BAQ1 MO09 MOV2 MOQ2 MO12 BAV1 MO01 MOV3 MOQ6 MOV1 BA07 BAE2
259,random melee seg12 #11,random,melee,seg12,63952,83,7041.97,44.300,106.4,0,536.6,5826.0,1,2,2095,1.70,gravemarch,15,BAQ,EXV,core.melee EX02 EX01 pick.D1 EX04 MO01 pick.P3 BA02 MO02 MOQ EX03 EXF2 EXK1 MO05 MO07 EX10 MO08 MO04 EX07 pick.M1 MO10 MOF1 EX06 EX12 MO11 EXS1 MOQ1 BA05 EX08 EX11 MOQ6 MOQ5 MO09 MO06 BAQ EXS2 BAQ4 BAQ6 BA06 BA11 EXQ EXQ5 MOQ4 EXQ2 BA12 EXQ3 MOK2 EX09 EXE2 MO03 MOK1 MOQ3 MOV EXQ7 EXQ6 BAQ5 BAQ1 BA01 MOE1 EXK2 BA07 EXC MOQ2 MOV1 MOA BA08 EXQ4 BAQ3 BAQ2 BA04 EX05 MOV3 MO12 BAK2 BAF2 EXV BAS2 BAC BA09 BA03 EXV3 BA10 MOS2
263,random melee seg12 #15,random,melee,seg12,63876,91,4847.29,30.000,152.7,0,330.3,3864.0,1,1,1556,3.72,conduit,15,EXQ,MOV,core.melee pick.D3 BA01 pick.M3 MO01 MO04 pick.P3 BA02 MO07 MOQ MOQ3 MOQ2 MO02 MOQ1 BA05 MO06 MO12 BA03 BA07 MO11 MO08 MOA MOK1 EX01 MOQ5 BA10 MOQ6 BA08 BA12 MOQ4 MOV MO03 BA06 BAK1 BA04 BAS1 BAQ MO09 BAK2 BA11 EX12 G1 core.magic EX02 EX11 EX10 EXQ BAA EXQ5 EX03 EXQ7 DO01 MOF1 EXQ6 DT02 EX07 BAC BAQ1 BA09 IN02 BAQ4 MOE1 DO03 MO10 BAQ5 MM9 MOV1 EX08 IN01 IN06 DT03 EX06 IN09 DTQ EX04 BAQ3 DO12 INK1 DT10 DO05 EXQ2 IN03 EXQ3 DO07 EX09 MM6 DTQ6 MOV3 DTQ3 INQ MO05
267,random ranged seg12 #3,random,ranged,seg12,64000,91,7217.65,43.800,140.6,0,227.4,5616.0,1,2,2199,2.56,lattice,15,BRQ,ORV,core.ranged pick.D3 BR01 pick.P2 OR01 PR02 BR03 pick.M3 BR08 PR01 BR07 BRQ BRQ7 BR06 OR02 PR05 OR10 OR03 PR11 PRQ BR02 OR05 BRQ4 PRQ5 PR03 OR11 PR07 PRK1 BR11 PRC OR12 ORQ BRQ2 BRS2 PR04 OR04 G1 core.melee BRQ3 ORQ4 ORF1 OR08 PRV ORQ7 BA01 BRQ5 ORQ5 EX01 ORQ3 BA04 BRF1 PRV1 OR07 OR06 BRK2 BA03 PR06 PR09 MO01 PR10 PRQ6 MO04 BR05 PRQ1 BRA MR5 EX04 EX02 PRF1 BA07 BAK1 EX09 MO09 EX10 EX11 BRE1 BA09 BA10 BR04 ORQ2 BRC ORK1 ORV EX08 MO02 PRE1 PR12 PRQ4 EX03 EX07 MOS2
271,random ranged seg12 #7,random,ranged,seg12,63876,79,5659.14,34.700,172.0,0,266.0,4674.0,1,2,2278,2.66,lattice,15,ORQ,PRV,core.ranged BR02 pick.M3 BR06 PR11 BR05 PR06 BR01 pick.P2 pick.D1 BRK2 PR02 BR04 BR08 BR07 PR01 BRK1 PR05 BRQ BR09 BRF1 PR10 PR03 BRQ7 PRS2 PR04 PR07 PRQ BR10 OR01 PR09 PRK1 PR12 PRQ1 PRQ6 BR11 BRS1 OR04 ORQ OR08 OR09 PRF2 OR12 PRQ3 OR07 BR03 BRC ORA BRQ3 PRV PR08 PRV2 ORQ4 BRQ2 PRK2 PRC BRV ORC ORQ2 ORQ3 ORS2 PRQ2 PRA ORQ5 BRE1 ORF1 BRV2 G1 core.magic DT02 DO01 OR10 BRQ5 OR02 BRV1 ORK2 OR05 DT01 DO05
275,random ranged seg12 #11,random,ranged,seg12,64000,77,6392.25,40.500,320.0,0,49.6,5478.0,2,2,1654,2.43,lattice,15,PRQ,BRV,core.ranged BR02 pick.M3 BR05 pick.P3 BR01 OR01 PR02 OR03 BRQ BR11 BRQ1 PR01 BRQ7 ORQ ORQ6 BRF2 OR07 OR02 BR04 OR05 PR05 pick.D3 PRQ BR06 PRQ2 BRQ2 BRQ6 PRQ3 BR03 OR10 PRQ1 PRQ4 PR10 ORF2 ORQ5 BR07 PRF1 ORQ2 OR09 PR11 OR06 BRQ4 PRS2 ORK2 BRK2 OR12 BRQ3 BRQ5 BRS2 ORQ3 PRQ5 ORC BRK1 OR11 OR08 ORV PRS1 PRK1 PR03 PR08 PR04 BR08 ORV3 OR04 BRC ORE2 PRV BRA BRV PR09 PRV1 BRV2 BRV3 ORK1 PR06 PRE1
279,random ranged seg12 #15,random,ranged,seg12,64000,88,7393.31,42.600,124.7,1,1.0,5934.0,2,2,2290,2.59,lattice,15,ORQ,PRV,core.ranged PR01 BR01 BR03 PR03 PRQ OR02 OR01 PR02 BR02 pick.D3 PRQ4 BR06 BRQ BR08 BRQ5 BR07 OR03 BRA PRQ6 BR04 BRQ3 PR07 BR09 PR08 pick.P2 pick.M1 BRQ1 PR04 BRK1 PRQ2 PR06 ORQ PRA BR05 ORQ7 PR11 PRQ5 PRQ3 ORQ1 BRQ7 OR05 PRF2 ORQ6 PRK1 BR12 BRQ6 PRV ORQ3 BRF1 OR08 PRE2 PR12 PR10 PRQ1 OR04 BRV OR07 G1 core.magic PRV3 OR10 IN01 BRQ2 BRV2 DO01 ORF2 DO03 IN05 ORQ4 ORK2 DT01 BRQ4 PR05 IN03 DT06 PRK2 OR12 DO02 DT07 BRV1 OR06 DO05 BRC ORC IN02 DT02 BRE1
283,random magic seg12 #3,random,magic,seg12,64000,77,9486.72,45.300,18.7,0,132.3,6246.0,1,2,4339,4.58,gravemarch,15,DOQ,DTV,core.magic pick.M3 IN01 DO01 DO05 DO03 pick.D1 IN02 IN03 IN06 DO06 pick.P3 DO04 INQ IN10 INQ3 INQ6 INQ2 DO08 DO02 DT03 IN05 IN04 DT02 IN07 IN09 DO07 INK1 INQ5 INQ1 DO09 IN08 DT10 INK2 DT05 DO12 DOF2 DOC DTK2 DOQ INV DO11 DO10 DT01 DTQ DOQ2 DT11 DTQ4 DTQ1 DOQ4 DTF1 DT08 DT06 DTA DTQ3 DOQ5 DT04 INV2 DT07 IN12 DOQ3 DTQ6 DOV INV1 DOK1 DT09 DOV2 DTV DT12 DOA DOQ6 G1 core.ranged DOE2 DTS1 DTQ2 BR02
287,random magic seg12 #7,random,magic,seg12,64000,73,13175.74,46.000,0.0,0,428.0,6450.0,0,2,3491,1.58,lattice,15,DTQ,DOV,core.magic pick.P2 pick.D3 DO12 IN02 DO09 DO02 DOQ IN01 IN06 DO04 DT03 DOF1 DOQ3 DO08 pick.M2 DO01 DOQ1 DT11 DT02 IN03 IN08 DO06 DT06 DO03 IN05 DOQ6 IN10 DT09 DOK2 DOV IN09 DTQ IN12 DT05 INK1 INQ DT01 INQ2 DO10 DO07 DT10 DTF2 DOQ4 INQ6 DOQ2 INK2 DT07 DOC INQ4 DOV1 DTQ6 INQ3 DTQ4 INC DO11 DTK2 DT08 INV DOE1 DTQ5 DTV DTE2 DTC IN11 INA DT12 DTV3 DTQ2 DO05 DT04 DOS2 DTA
291,random magic seg12 #11,random,magic,seg12,64000,93,7263.45,44.300,93.3,0,542.0,6066.0,0,2,2089,3.36,gravemarch,15,INQ,INV,core.magic IN02 pick.M2 DO12 pick.P3 pick.D2 DT02 DO09 DOQ DOQ3 G1 core.ranged PR01 DOQ1 PR02 DOQ2 BR02 DO02 DOQ5 IN06 IN01 DO05 DO10 DT10 DO04 INQ OR01 DOK2 DO01 PR06 IN08 DOF2 PRQ INQ5 BR11 DO03 OR03 DT05 INQ3 DOV PRQ3 IN09 OR02 OR06 DOV2 OR11 PRQ2 PR05 OR07 OR04 PR11 BR06 ORF1 DO06 DO11 OR09 OR08 PRK2 INK1 ORQ OR05 ORA DT01 BR01 IN03 IN12 DOV1 ORQ6 BRK2 PRQ6 RM7 ORQ7 ORQ5 IN05 INQ6 DO07 INV DOS1 BR03 DT11 INK2 OR12 ORQ4 DOE2 DOK1 BR04 DOQ4 PRQ4 DOQ6 ORK1 PRF2 PRE2 DOS2
295,random magic seg12 #15,random,magic,seg12,64000,74,7093.99,42.600,101.4,1,1.0,5616.0,0,2,3137,5.64,lattice,15,INQ,DOV,core.magic IN01 IN05 IN03 IN02 pick.M2 INQ INQ6 DO05 INQ4 IN07 DT01 IN11 INQ2 pick.P3 DO12 DO06 IN06 DO07 DO08 IN09 IN10 pick.D2 DOQ DO04 DO09 INQ3 INK2 INC DOQ1 INQ5 DOQ3 DOQ5 DO11 DO03 DOS1 INV DOF2 DOQ2 DO10 INV1 DOQ6 DT06 INK1 DO02 DOC DOK2 DT02 DTQ IN12 DO01 DT07 IN08 DT05 DOV DOA DTA DTQ1 DT04 IN04 DT10 DOV2 INF1 DTK2 DTQ6 DOV3 DT09 INV2 DOV1 DTQ2 DTF1 DTQ4 DOE2 INA
